SALES,ORDERDATE
5151,1/6/2017 0:00
3390,1/6/2017 0:00
1903.22,1/6/2017 0:00
1689.03,1/6/2017 0:00
3782,1/9/2017 0:00
3773.38,1/9/2017 0:00
1404,1/9/2017 0:00
2472.96,1/9/2017 0:00
4808.31,1/10/2017 0:00
2055.74,1/10/2017 0:00
5404.62,1/29/2017 0:00
5398.26,1/29/2017 0:00
3394.98,1/29/2017 0:00
3920,1/29/2017 0:00
1189.98,1/29/2017 0:00
2242.89,1/29/2017 0:00
2011.1,1/29/2017 0:00
2539.5,1/29/2017 0:00
4791.82,1/29/2017 0:00
4228.2,1/29/2017 0:00
1938.89,1/29/2017 0:00
3680.28,1/29/2017 0:00
2873,1/29/2017 0:00
3224.31,1/29/2017 0:00
3403.35,1/29/2017 0:00
4460.82,1/29/2017 0:00
5958.5,1/31/2017 0:00
4615.78,1/31/2017 0:00
3457.92,1/31/2017 0:00
3772.61,1/31/2017 0:00
4556.99,1/31/2017 0:00
5348.5,1/31/2017 0:00
1942.15,1/31/2017 0:00
1742.4,1/31/2017 0:00
2921.62,1/31/2017 0:00
1666.7,1/31/2017 0:00
3227.63,1/31/2017 0:00
3705.24,1/31/2017 0:00
1705.92,1/31/2017 0:00
7208,2/11/2017 0:00
8690.36,2/11/2017 0:00
4566.05,2/11/2017 0:00
3065.04,2/11/2017 0:00
4330.1,2/11/2017 0:00
3382.5,2/11/2017 0:00
6341.21,2/11/2017 0:00
3193.52,2/11/2017 0:00
3983.5,2/11/2017 0:00
2897.47,2/11/2017 0:00
2034.35,2/11/2017 0:00
2038.87,2/11/2017 0:00
3164.46,2/11/2017 0:00
2556.18,2/11/2017 0:00
1419.5,2/11/2017 0:00
5279.4,2/17/2017 0:00
3073.26,2/17/2017 0:00
3421.04,2/17/2017 0:00
4774.86,2/17/2017 0:00
2481.64,2/17/2017 0:00
3659.32,2/17/2017 0:00
1630.6,2/17/2017 0:00
3241.5,2/17/2017 0:00
1657.76,2/17/2017 0:00
2406.36,2/17/2017 0:00
1565.85,2/17/2017 0:00
3312.97,2/17/2017 0:00
3177.3,2/17/2017 0:00
3763.46,2/17/2017 0:00
3986.56,2/17/2017 0:00
3273.6,2/17/2017 0:00
2949.12,2/17/2017 0:00
2526.72,2/17/2017 0:00
2871,2/24/2017 0:00
3896.49,2/24/2017 0:00
6065.55,2/24/2017 0:00
3036.6,2/24/2017 0:00
2055.23,2/24/2017 0:00
2845.75,2/24/2017 0:00
3155.14,2/24/2017 0:00
1858,2/24/2017 0:00
5265.15,3/3/2017 0:00
6130.35,3/3/2017 0:00
3485.82,3/3/2017 0:00
3731.04,3/3/2017 0:00
3130.82,3/3/2017 0:00
1777.1,3/3/2017 0:00
4049.56,3/3/2017 0:00
2914.11,3/3/2017 0:00
5565.12,3/3/2017 0:00
2060.45,3/3/2017 0:00
1892.1,3/3/2017 0:00
5448.8,3/3/2017 0:00
2130.01,3/3/2017 0:00
1173.15,3/3/2017 0:00
3669.78,3/3/2017 0:00
2821.66,3/3/2017 0:00
4379.18,3/10/2017 0:00
4432.7,3/10/2017 0:00
3157.44,3/10/2017 0:00
8257,3/10/2017 0:00
6241.6,3/10/2017 0:00
930.9,3/10/2017 0:00
5433.08,3/18/2017 0:00
6069,3/18/2017 0:00
1608,3/18/2017 0:00
3859.68,3/18/2017 0:00
5074.39,3/18/2017 0:00
2499.56,3/18/2017 0:00
2574.18,3/18/2017 0:00
3069,3/18/2017 0:00
1721.73,3/18/2017 0:00
710.2,3/18/2017 0:00
1729.65,3/18/2017 0:00
3360.45,3/18/2017 0:00
5942.28,3/18/2017 0:00
1987.74,3/18/2017 0:00
3724.42,3/18/2017 0:00
1654.56,3/18/2017 0:00
7209.11,3/24/2017 0:00
2539.89,3/24/2017 0:00
3288.78,3/25/2017 0:00
2354.88,3/25/2017 0:00
1801.24,3/25/2017 0:00
4818.15,3/25/2017 0:00
4178.85,3/25/2017 0:00
2253.68,3/25/2017 0:00
3415.44,3/26/2017 0:00
4916.66,3/26/2017 0:00
2490.5,3/26/2017 0:00
1575.96,3/26/2017 0:00
4305.28,4/1/2017 0:00
4164.42,4/1/2017 0:00
3090.15,4/1/2017 0:00
8209.44,4/1/2017 0:00
4815.45,4/1/2017 0:00
2925.09,4/1/2017 0:00
721.44,4/1/2017 0:00
3667.52,4/1/2017 0:00
1560.44,4/1/2017 0:00
4758.18,4/1/2017 0:00
5723.78,4/4/2017 0:00
7381.16,4/4/2017 0:00
3259.92,4/4/2017 0:00
5568.64,4/4/2017 0:00
2843.91,4/4/2017 0:00
1711.26,4/11/2017 0:00
6034.38,4/16/2017 0:00
5911.64,4/16/2017 0:00
5938.14,4/16/2017 0:00
3551.34,4/16/2017 0:00
2011.8,4/16/2017 0:00
2780.58,4/16/2017 0:00
2240.66,4/16/2017 0:00
5189.78,4/16/2017 0:00
1033.41,4/16/2017 0:00
3027.84,4/16/2017 0:00
3753.9,4/16/2017 0:00
2184,4/16/2017 0:00
4219.2,4/21/2017 0:00
5004.8,4/28/2017 0:00
6916.12,4/28/2017 0:00
1878.66,4/28/2017 0:00
2687.04,4/28/2017 0:00
2443.6,4/28/2017 0:00
3066.7,4/28/2017 0:00
1459.6,4/28/2017 0:00
3169.95,4/28/2017 0:00
1968.12,4/28/2017 0:00
1916.75,4/28/2017 0:00
2730.06,4/28/2017 0:00
2499.26,4/28/2017 0:00
1539.72,4/28/2017 0:00
1348.76,4/28/2017 0:00
2793.86,4/29/2017 0:00
9264.86,4/29/2017 0:00
2082.49,4/29/2017 0:00
2674.9,4/29/2017 0:00
3431.75,4/29/2017 0:00
4651.53,4/29/2017 0:00
2848.86,4/29/2017 0:00
2479.21,4/29/2017 0:00
2461.36,4/29/2017 0:00
2094.67,4/29/2017 0:00
2480.38,4/29/2017 0:00
3863.87,4/29/2017 0:00
2584.8,4/29/2017 0:00
3417.12,4/29/2017 0:00
3268,4/29/2017 0:00
2765.9,5/7/2017 0:00
8284,5/7/2017 0:00
2460.16,5/7/2017 0:00
2168.5,5/7/2017 0:00
3293.4,5/7/2017 0:00
7599.9,5/8/2017 0:00
3693.34,5/8/2017 0:00
2042.88,5/8/2017 0:00
2142,5/8/2017 0:00
5004.8,5/8/2017 0:00
3112.34,5/8/2017 0:00
4100.99,5/8/2017 0:00
3598.5,5/8/2017 0:00
1536.57,5/8/2017 0:00
2469.39,5/8/2017 0:00
1740.9,5/8/2017 0:00
3583.16,5/8/2017 0:00
1207.44,5/8/2017 0:00
1707.14,5/8/2017 0:00
5494.97,5/8/2017 0:00
2063.06,5/8/2017 0:00
1384.46,5/8/2017 0:00
3073.72,5/20/2017 0:00
5161.2,5/20/2017 0:00
5331.88,5/20/2017 0:00
2993.5,5/20/2017 0:00
3254.72,5/21/2017 0:00
2856,5/21/2017 0:00
2262.96,5/21/2017 0:00
4431.84,5/21/2017 0:00
6483.46,5/21/2017 0:00
3081.24,5/21/2017 0:00
1327.79,5/21/2017 0:00
1713.8,5/21/2017 0:00
1702.8,5/21/2017 0:00
995.5,5/21/2017 0:00
2326.4,5/21/2017 0:00
2348.75,5/21/2017 0:00
4068.96,5/21/2017 0:00
5203,5/21/2017 0:00
1528.58,5/21/2017 0:00
7329.06,5/28/2017 0:00
3347.74,5/28/2017 0:00
2439.57,5/28/2017 0:00
3857,5/28/2017 0:00
2309.58,5/28/2017 0:00
2795.86,5/28/2017 0:00
2795.27,5/28/2017 0:00
3390.2,5/28/2017 0:00
2921.7,5/28/2017 0:00
3128.92,5/28/2017 0:00
7083,5/28/2017 0:00
2314.69,5/28/2017 0:00
3415.77,5/28/2017 0:00
3576.12,5/28/2017 0:00
4141.33,5/28/2017 0:00
1630.2,5/28/2017 0:00
4597.2,5/28/2017 0:00
11279.2,6/3/2017 0:00
7366.44,6/3/2017 0:00
8138.76,6/3/2017 0:00
2559.6,6/3/2017 0:00
7146.9,6/3/2017 0:00
6295.95,6/3/2017 0:00
3837.24,6/3/2017 0:00
3447,6/3/2017 0:00
1213.8,6/3/2017 0:00
1489.41,6/3/2017 0:00
1939.8,6/3/2017 0:00
2337.75,6/3/2017 0:00
2054.36,6/3/2017 0:00
6176.42,6/3/2017 0:00
3179.52,6/3/2017 0:00
5544.02,6/6/2017 0:00
4837.18,6/6/2017 0:00
3962.88,6/6/2017 0:00
3104,6/6/2017 0:00
4398.24,6/12/2017 0:00
6027.75,6/12/2017 0:00
3883.11,6/12/2017 0:00
3899.5,6/12/2017 0:00
1860,6/12/2017 0:00
3838.05,6/12/2017 0:00
3828.3,6/12/2017 0:00
2562.3,6/12/2017 0:00
2079.04,6/12/2017 0:00
2781.66,6/16/2017 0:00
3853.6,6/16/2017 0:00
3423.75,6/16/2017 0:00
2349.9,6/16/2017 0:00
1716.22,6/16/2017 0:00
4094.5,6/16/2017 0:00
1891.78,6/16/2017 0:00
4427.6,6/16/2017 0:00
2213.38,6/16/2017 0:00
875.91,6/16/2017 0:00
3394.23,6/27/2017 0:00
3858.1,6/27/2017 0:00
3565.92,6/27/2017 0:00
2642.01,6/27/2017 0:00
2797.9,6/27/2017 0:00
1355.13,6/27/2017 0:00
1863.36,6/27/2017 0:00
2691.09,6/27/2017 0:00
3884.34,7/1/2017 0:00
3307.77,7/1/2017 0:00
7023.98,7/1/2017 0:00
2711.2,7/1/2017 0:00
1853.4,7/1/2017 0:00
3273.9,7/1/2017 0:00
3570.29,7/1/2017 0:00
8008.56,7/2/2017 0:00
6031.68,7/2/2017 0:00
1800.24,7/2/2017 0:00
2838.81,7/2/2017 0:00
3806.88,7/2/2017 0:00
3510,7/2/2017 0:00
5432.7,7/2/2017 0:00
2266.2,7/2/2017 0:00
4705.18,7/2/2017 0:00
1787.56,7/2/2017 0:00
717.4,7/2/2017 0:00
1785.51,7/2/2017 0:00
6336.07,7/2/2017 0:00
2008.13,7/2/2017 0:00
1327.59,7/2/2017 0:00
2694,7/2/2017 0:00
4224,7/2/2017 0:00
3644.75,7/4/2017 0:00
5274.72,7/4/2017 0:00
8331.61,7/4/2017 0:00
4380.2,7/10/2017 0:00
4346.76,7/10/2017 0:00
5124.3,7/10/2017 0:00
1295.06,7/10/2017 0:00
3184.94,7/16/2017 0:00
2113.37,7/16/2017 0:00
7956.46,7/16/2017 0:00
5545.76,7/16/2017 0:00
1424,7/16/2017 0:00
1801.2,7/16/2017 0:00
3095.4,7/16/2017 0:00
3276.13,7/16/2017 0:00
7374.1,7/24/2017 0:00
3188.12,7/24/2017 0:00
4829.8,7/24/2017 0:00
4181.44,7/24/2017 0:00
2851.54,7/24/2017 0:00
4601.2,7/24/2017 0:00
1254.83,7/24/2017 0:00
5105.14,7/24/2017 0:00
2829.58,7/24/2017 0:00
1701.28,7/24/2017 0:00
4114.8,7/24/2017 0:00
2140.11,8/1/2017 0:00
5938.53,8/1/2017 0:00
6287.66,8/1/2017 0:00
4836.5,8/1/2017 0:00
1086.6,8/1/2017 0:00
891.03,8/1/2017 0:00
3784.8,8/1/2017 0:00
1103.76,8/1/2017 0:00
5500.44,8/1/2017 0:00
8023.29,8/8/2017 0:00
4985.64,8/8/2017 0:00
9470.94,8/8/2017 0:00
6034.33,8/8/2017 0:00
2151.82,8/8/2017 0:00
3791.52,8/8/2017 0:00
1685.28,8/8/2017 0:00
3366,8/8/2017 0:00
4814.25,8/8/2017 0:00
3131.94,8/8/2017 0:00
2091.18,8/8/2017 0:00
2624,8/8/2017 0:00
3612.43,8/8/2017 0:00
2334.99,8/8/2017 0:00
3245.58,8/8/2017 0:00
1724.97,8/8/2017 0:00
5597.76,8/10/2017 0:00
5248,8/10/2017 0:00
3442.64,8/10/2017 0:00
3455.76,8/10/2017 0:00
1646.19,8/10/2017 0:00
2560.47,8/10/2017 0:00
1851.73,8/10/2017 0:00
1853.32,8/10/2017 0:00
1246.44,8/10/2017 0:00
3945.96,8/10/2017 0:00
2612.48,8/10/2017 0:00
2152.02,8/10/2017 0:00
2643.99,8/10/2017 0:00
2688,8/10/2017 0:00
2919.58,8/10/2017 0:00
1874.05,8/10/2017 0:00
1637.2,8/13/2017 0:00
3746.7,8/25/2017 0:00
5192.95,8/25/2017 0:00
5176.38,8/25/2017 0:00
8339.8,8/25/2017 0:00
2559.6,8/25/2017 0:00
1490.1,8/25/2017 0:00
4119.4,8/25/2017 0:00
3501.6,8/25/2017 0:00
3902.41,8/25/2017 0:00
1645.65,8/25/2017 0:00
2797.41,8/25/2017 0:00
3098.7,8/25/2017 0:00
1109.8,8/25/2017 0:00
3251.34,8/25/2017 0:00
3091.68,8/25/2017 0:00
2752.6,8/25/2017 0:00
3155.58,9/3/2017 0:00
4444.54,9/3/2017 0:00
9245.76,9/5/2017 0:00
3494.94,9/5/2017 0:00
1340.64,9/5/2017 0:00
3230.37,9/5/2017 0:00
2142.14,9/5/2017 0:00
3097.44,9/5/2017 0:00
4405.22,9/5/2017 0:00
1066.75,9/5/2017 0:00
2057.4,9/5/2017 0:00
2906.97,9/5/2017 0:00
2018.77,9/5/2017 0:00
2702.04,9/11/2017 0:00
5848.68,9/11/2017 0:00
4232,9/11/2017 0:00
3528.36,9/11/2017 0:00
5418.88,9/11/2017 0:00
3639.44,9/11/2017 0:00
3598.22,9/11/2017 0:00
2356.25,9/11/2017 0:00
1506.5,9/11/2017 0:00
2671.95,9/11/2017 0:00
1545.6,9/11/2017 0:00
4392.12,9/11/2017 0:00
2282.22,9/11/2017 0:00
3469.5,9/11/2017 0:00
5907.5,9/12/2017 0:00
1746.6,9/12/2017 0:00
5375.4,9/12/2017 0:00
1496.64,9/12/2017 0:00
4950.33,9/12/2017 0:00
4230.62,9/12/2017 0:00
3958.5,9/12/2017 0:00
1194.84,9/12/2017 0:00
2414.72,9/12/2017 0:00
1013.48,9/12/2017 0:00
1811.4,9/12/2017 0:00
10993.5,9/19/2017 0:00
3191.2,9/19/2017 0:00
4100.1,9/19/2017 0:00
4641,9/19/2017 0:00
4285.46,9/19/2017 0:00
1499.1,9/19/2017 0:00
2804.36,9/19/2017 0:00
6467.02,9/19/2017 0:00
1282.8,9/19/2017 0:00
2850.82,9/19/2017 0:00
2104,9/19/2017 0:00
3327.6,9/21/2017 0:00
7110.91,9/21/2017 0:00
5412.54,9/21/2017 0:00
2701.92,9/21/2017 0:00
3734.01,9/21/2017 0:00
5098.8,9/21/2017 0:00
1209.3,9/21/2017 0:00
3068.55,9/21/2017 0:00
2617.85,9/21/2017 0:00
3220.1,9/21/2017 0:00
4524.1,9/25/2017 0:00
1632.75,9/25/2017 0:00
2802.09,9/25/2017 0:00
1681.35,9/25/2017 0:00
4904,9/28/2017 0:00
5393.64,9/28/2017 0:00
7036.89,9/28/2017 0:00
3641.57,9/28/2017 0:00
2573.46,9/28/2017 0:00
1834.36,9/28/2017 0:00
5456.4,9/28/2017 0:00
1779.71,9/28/2017 0:00
2780.81,9/28/2017 0:00
2711.88,9/28/2017 0:00
4407.5,9/28/2017 0:00
2204.6,9/28/2017 0:00
3003,9/28/2017 0:00
2826.27,10/2/2017 0:00
2315.88,10/2/2017 0:00
5521.89,10/4/2017 0:00
3984.6,10/4/2017 0:00
1685.42,10/4/2017 0:00
2807.61,10/4/2017 0:00
3788.4,10/4/2017 0:00
3861.2,10/4/2017 0:00
3786.49,10/4/2017 0:00
1822.18,10/4/2017 0:00
5917.78,10/5/2017 0:00
3424.64,10/5/2017 0:00
7488.04,10/5/2017 0:00
3223.44,10/5/2017 0:00
4011.66,10/5/2017 0:00
6446.7,10/5/2017 0:00
1944.54,10/5/2017 0:00
1129.04,10/5/2017 0:00
1649.28,10/5/2017 0:00
2120.14,10/5/2017 0:00
7723.5,10/5/2017 0:00
4526.08,10/6/2017 0:00
6531.44,10/6/2017 0:00
7310,10/6/2017 0:00
3482.16,10/6/2017 0:00
3622.97,10/6/2017 0:00
3392.26,10/6/2017 0:00
1672.1,10/6/2017 0:00
5298.86,10/6/2017 0:00
1670.26,10/6/2017 0:00
5548.95,10/6/2017 0:00
3575.04,10/6/2017 0:00
1900.26,10/6/2017 0:00
2513.41,10/6/2017 0:00
3392.84,10/6/2017 0:00
2925.76,10/6/2017 0:00
2353.4,10/6/2017 0:00
3715.2,10/6/2017 0:00
3778.28,10/6/2017 0:00
1671.44,10/6/2017 0:00
820.4,10/8/2017 0:00
4954.08,10/8/2017 0:00
5205.27,10/10/2017 0:00
5016.83,10/10/2017 0:00
4132.7,10/10/2017 0:00
8296.35,10/10/2017 0:00
6238.84,10/10/2017 0:00
1762.08,10/10/2017 0:00
2162.16,10/10/2017 0:00
1705.41,10/10/2017 0:00
3638,10/10/2017 0:00
1357.86,10/10/2017 0:00
4618.88,10/10/2017 0:00
5355.68,10/10/2017 0:00
1474.66,10/10/2017 0:00
2169.18,10/10/2017 0:00
3490,10/10/2017 0:00
1543.3,10/10/2017 0:00
1239,10/10/2017 0:00
2347.15,10/10/2017 0:00
2219.6,10/10/2017 0:00
5294.14,10/11/2017 0:00
5182,10/11/2017 0:00
3364.9,10/11/2017 0:00
3996.4,10/11/2017 0:00
1554,10/11/2017 0:00
4767.7,10/11/2017 0:00
3764.88,10/17/2017 0:00
6153.73,10/17/2017 0:00
6145.44,10/17/2017 0:00
3187.8,10/17/2017 0:00
5544,10/17/2017 0:00
2013.5,10/17/2017 0:00
2692.12,10/17/2017 0:00
1226.59,10/17/2017 0:00
2144.6,10/17/2017 0:00
2759.75,10/17/2017 0:00
1541,10/17/2017 0:00
3148.2,10/17/2017 0:00
4389.12,10/18/2017 0:00
2304.45,10/18/2017 0:00
5176.5,10/18/2017 0:00
1879.74,10/18/2017 0:00
4299.7,10/18/2017 0:00
7209.12,10/18/2017 0:00
3912.09,10/18/2017 0:00
1007.14,10/18/2017 0:00
1560.47,10/18/2017 0:00
1442.26,10/18/2017 0:00
4860.24,10/20/2017 0:00
3329.09,10/20/2017 0:00
3358.08,10/20/2017 0:00
4900.8,10/20/2017 0:00
4991.44,10/20/2017 0:00
3845.1,10/20/2017 0:00
3536.82,10/21/2017 0:00
6563.06,10/21/2017 0:00
3570.12,10/21/2017 0:00
6930.74,10/21/2017 0:00
1916.98,10/21/2017 0:00
5012.55,10/21/2017 0:00
1345.75,10/21/2017 0:00
2634.96,10/21/2017 0:00
2692.06,10/21/2017 0:00
3013.97,10/21/2017 0:00
3195.27,10/21/2017 0:00
8594.52,10/22/2017 0:00
4880.02,10/22/2017 0:00
5559.03,10/22/2017 0:00
6825.6,10/22/2017 0:00
5032.95,10/22/2017 0:00
5984.14,10/22/2017 0:00
2204.1,10/22/2017 0:00
8754.69,10/22/2017 0:00
5344.5,10/22/2017 0:00
3337.6,10/22/2017 0:00
1734,10/22/2017 0:00
4661.76,10/22/2017 0:00
859.14,10/22/2017 0:00
2384.64,10/22/2017 0:00
2207.52,10/22/2017 0:00
2351.36,10/22/2017 0:00
4556.16,10/22/2017 0:00
2537.64,10/22/2017 0:00
5924.16,10/23/2017 0:00
5763.72,10/23/2017 0:00
3363.52,10/23/2017 0:00
3599.58,10/23/2017 0:00
3812.16,10/23/2017 0:00
1467.48,10/23/2017 0:00
1593.2,10/23/2017 0:00
2019.84,10/23/2017 0:00
2431.94,10/23/2017 0:00
3239.62,10/23/2017 0:00
2940.02,10/23/2017 0:00
3225.06,10/23/2017 0:00
2812.8,10/23/2017 0:00
3003,10/23/2017 0:00
1668.4,10/23/2017 0:00
1846.42,10/23/2017 0:00
3479.76,10/28/2017 0:00
3660.93,10/28/2017 0:00
4183,10/28/2017 0:00
1490.16,10/28/2017 0:00
2814.28,10/28/2017 0:00
5747.5,10/28/2017 0:00
6433.7,10/28/2017 0:00
2186.89,10/28/2017 0:00
1971.54,10/28/2017 0:00
3756,10/28/2017 0:00
3244.36,10/28/2017 0:00
2281.91,10/28/2017 0:00
2492.64,10/28/2017 0:00
2762.2,10/28/2017 0:00
3431.39,10/28/2017 0:00
4527.72,10/28/2017 0:00
4608,10/28/2017 0:00
3233.49,10/28/2017 0:00
5019.9,11/4/2017 0:00
4639.25,11/4/2017 0:00
5464.69,11/4/2017 0:00
2298.24,11/4/2017 0:00
4391.1,11/4/2017 0:00
1262.8,11/4/2017 0:00
2264.32,11/4/2017 0:00
4444.92,11/4/2017 0:00
2598.82,11/4/2017 0:00
4910.4,11/4/2017 0:00
2816.18,11/4/2017 0:00
1707.14,11/4/2017 0:00
3819.56,11/4/2017 0:00
2269.92,11/4/2017 0:00
1035.58,11/4/2017 0:00
3920.88,11/4/2017 0:00
3866.4,11/4/2017 0:00
4508,11/5/2017 0:00
5036.16,11/5/2017 0:00
2122.08,11/5/2017 0:00
4965.24,11/5/2017 0:00
3508.8,11/5/2017 0:00
4680.2,11/5/2017 0:00
1495.26,11/5/2017 0:00
4492.83,11/5/2017 0:00
3452.68,11/5/2017 0:00
6023.16,11/5/2017 0:00
1504.16,11/5/2017 0:00
2759.31,11/5/2017 0:00
5481.45,11/5/2017 0:00
2761.96,11/5/2017 0:00
5493.12,11/5/2017 0:00
1584.66,11/5/2017 0:00
2807.22,11/5/2017 0:00
2422.08,11/5/2017 0:00
1453.84,11/5/2017 0:00
977.43,11/5/2017 0:00
1112.94,11/5/2017 0:00
1639.22,11/5/2017 0:00
2728.03,11/5/2017 0:00
1277.64,11/5/2017 0:00
1951.92,11/5/2017 0:00
2167.22,11/5/2017 0:00
1163.05,11/5/2017 0:00
2571.14,11/5/2017 0:00
8014.82,11/6/2017 0:00
5362.83,11/6/2017 0:00
7474.5,11/6/2017 0:00
6817.22,11/6/2017 0:00
8378.69,11/6/2017 0:00
7872.5,11/6/2017 0:00
3543.28,11/6/2017 0:00
4480.32,11/6/2017 0:00
3667.6,11/6/2017 0:00
5891.04,11/6/2017 0:00
2840.48,11/6/2017 0:00
5592.22,11/6/2017 0:00
4419.89,11/6/2017 0:00
5532.12,11/6/2017 0:00
5121.59,11/6/2017 0:00
2194.22,11/6/2017 0:00
1857.06,11/6/2017 0:00
2969.96,11/6/2017 0:00
1151.44,11/6/2017 0:00
2915.66,11/6/2017 0:00
2436.72,11/6/2017 0:00
3165.5,11/6/2017 0:00
1408,11/6/2017 0:00
2174.42,11/6/2017 0:00
3114.89,11/6/2017 0:00
2448.72,11/6/2017 0:00
3611.16,11/6/2017 0:00
3675.63,11/7/2017 0:00
3070.52,11/7/2017 0:00
2611,11/7/2017 0:00
6083,11/7/2017 0:00
3266.1,11/7/2017 0:00
1824,11/7/2017 0:00
2738.54,11/7/2017 0:00
2451.84,11/7/2017 0:00
4055.04,11/7/2017 0:00
2526.48,11/7/2017 0:00
2009.2,11/7/2017 0:00
3492.48,11/8/2017 0:00
6490.68,11/8/2017 0:00
3350.52,11/8/2017 0:00
5386.56,11/8/2017 0:00
2748.56,11/8/2017 0:00
1988.28,11/8/2017 0:00
1514.52,11/8/2017 0:00
2169.9,11/8/2017 0:00
3293.24,11/8/2017 0:00
1930.5,11/8/2017 0:00
3431.25,11/8/2017 0:00
2301.75,11/8/2017 0:00
2497.77,11/11/2017 0:00
4695.6,11/11/2017 0:00
8892.9,11/11/2017 0:00
6747.6,11/11/2017 0:00
1605,11/11/2017 0:00
1057.56,11/11/2017 0:00
5565.12,11/11/2017 0:00
5355.36,11/11/2017 0:00
1919.4,11/11/2017 0:00
2521.05,11/11/2017 0:00
1991.92,11/11/2017 0:00
1545.64,11/11/2017 0:00
2514.6,11/11/2017 0:00
1964.76,11/11/2017 0:00
5411.07,11/12/2017 0:00
2860.76,11/12/2017 0:00
1628,11/12/2017 0:00
4477.32,11/12/2017 0:00
5418.16,11/12/2017 0:00
2183.25,11/12/2017 0:00
1742.4,11/12/2017 0:00
5435.64,11/12/2017 0:00
7554.8,11/12/2017 0:00
1626.24,11/12/2017 0:00
3286.08,11/12/2017 0:00
2323.7,11/12/2017 0:00
2212,11/12/2017 0:00
3047.73,11/12/2017 0:00
3884.76,11/12/2017 0:00
6324.75,11/12/2017 0:00
2484.6,11/12/2017 0:00
2848.23,11/12/2017 0:00
3395.48,11/12/2017 0:00
5785.26,11/12/2017 0:00
3942.72,11/12/2017 0:00
3072.96,11/12/2017 0:00
3488.34,11/12/2017 0:00
1830.22,11/12/2017 0:00
1436.76,11/12/2017 0:00
1138.94,11/12/2017 0:00
2649.6,11/12/2017 0:00
2395.8,11/12/2017 0:00
1578.79,11/12/2017 0:00
3107.61,11/12/2017 0:00
1506.96,11/12/2017 0:00
6244.07,11/12/2017 0:00
3861.75,11/12/2017 0:00
971.98,11/12/2017 0:00
5372.57,11/13/2017 0:00
3433.36,11/13/2017 0:00
6163.94,11/13/2017 0:00
2033.64,11/13/2017 0:00
3298.55,11/13/2017 0:00
2655.12,11/13/2017 0:00
2488.2,11/13/2017 0:00
2441.04,11/13/2017 0:00
1972,11/13/2017 0:00
5035.11,11/13/2017 0:00
3167.36,11/13/2017 0:00
2000.77,11/13/2017 0:00
3854.24,11/14/2017 0:00
3883.74,11/14/2017 0:00
4038.21,11/14/2017 0:00
7886.2,11/14/2017 0:00
4516.22,11/14/2017 0:00
6004.8,11/14/2017 0:00
7381.16,11/14/2017 0:00
5984.14,11/14/2017 0:00
2647.04,11/14/2017 0:00
2862.72,11/14/2017 0:00
3442.04,11/14/2017 0:00
4409.72,11/14/2017 0:00
3952.83,11/14/2017 0:00
4918.78,11/14/2017 0:00
5096.91,11/14/2017 0:00
3630.28,11/14/2017 0:00
1863.41,11/14/2017 0:00
3170.7,11/14/2017 0:00
3496.32,11/14/2017 0:00
1336.44,11/14/2017 0:00
1522.4,11/14/2017 0:00
2453.55,11/14/2017 0:00
1449.84,11/14/2017 0:00
3079.44,11/14/2017 0:00
5795.72,11/14/2017 0:00
4607.36,11/14/2017 0:00
2071.41,11/14/2017 0:00
2445.6,11/14/2017 0:00
4948.2,11/14/2017 0:00
972.4,11/14/2017 0:00
1134,11/14/2017 0:00
2832,11/14/2017 0:00
2389.68,11/14/2017 0:00
2254.98,11/14/2017 0:00
3891.66,11/14/2017 0:00
1747.9,11/14/2017 0:00
1459.92,11/14/2017 0:00
1804.04,11/14/2017 0:00
5512.32,11/18/2017 0:00
3660.92,11/18/2017 0:00
8714.7,11/18/2017 0:00
4512.48,11/18/2017 0:00
2093.44,11/18/2017 0:00
2535.75,11/18/2017 0:00
3656,11/18/2017 0:00
4351.16,11/18/2017 0:00
3957.05,11/18/2017 0:00
3199.98,11/19/2017 0:00
1517.54,11/19/2017 0:00
3600.24,11/19/2017 0:00
2668.8,11/19/2017 0:00
3840.9,11/20/2017 0:00
5590,11/20/2017 0:00
1939.2,11/20/2017 0:00
3544.56,11/20/2017 0:00
3300.66,11/20/2017 0:00
4258.36,11/20/2017 0:00
4088.7,11/20/2017 0:00
7421.3,11/20/2017 0:00
4965.84,11/20/2017 0:00
3918.46,11/20/2017 0:00
3415.68,11/20/2017 0:00
3414.58,11/20/2017 0:00
5340.6,11/20/2017 0:00
3127.82,11/20/2017 0:00
4237.76,11/20/2017 0:00
2583.34,11/20/2017 0:00
2530.01,11/20/2017 0:00
3845.6,11/20/2017 0:00
3052.33,11/20/2017 0:00
917.7,11/20/2017 0:00
2328.64,11/20/2017 0:00
2880.48,11/20/2017 0:00
5566,11/20/2017 0:00
6319.35,11/20/2017 0:00
2916.76,11/20/2017 0:00
3106.88,11/21/2017 0:00
2455.02,11/21/2017 0:00
3141.6,11/21/2017 0:00
2491.86,11/21/2017 0:00
4642.88,11/21/2017 0:00
3675.32,11/21/2017 0:00
2609.88,11/21/2017 0:00
1244.16,11/21/2017 0:00
2769.89,11/21/2017 0:00
2539.84,11/21/2017 0:00
2341.2,11/21/2017 0:00
1906.5,11/21/2017 0:00
759.46,11/21/2017 0:00
1012.4,11/21/2017 0:00
902.66,11/21/2017 0:00
2279,11/21/2017 0:00
7290.36,11/25/2017 0:00
4263.74,11/25/2017 0:00
4933.92,11/25/2017 0:00
6445.46,11/25/2017 0:00
1960.14,11/25/2017 0:00
5128.11,11/25/2017 0:00
3608.15,11/25/2017 0:00
3172.05,11/25/2017 0:00
7620.5,11/25/2017 0:00
4262.08,11/25/2017 0:00
1835.98,11/25/2017 0:00
2924.68,11/25/2017 0:00
5760.93,11/25/2017 0:00
905.28,11/25/2017 0:00
3699.88,11/25/2017 0:00
3598.99,11/25/2017 0:00
1385.28,11/25/2017 0:00
1804.44,11/25/2017 0:00
2142.66,11/25/2017 0:00
5161.17,11/25/2017 0:00
2314.26,11/25/2017 0:00
5324.4,11/26/2017 0:00
8887.7,11/26/2017 0:00
3807.12,11/26/2017 0:00
7232.16,11/26/2017 0:00
4036.04,11/26/2017 0:00
6893.81,11/26/2017 0:00
3564.75,11/26/2017 0:00
2538.8,11/26/2017 0:00
4537.08,11/26/2017 0:00
5090.5,11/26/2017 0:00
4534.6,11/26/2017 0:00
3910.4,11/26/2017 0:00
1900.36,11/26/2017 0:00
2856.14,11/26/2017 0:00
1487.41,11/26/2017 0:00
4720,11/26/2017 0:00
2172.48,11/26/2017 0:00
3939.5,11/26/2017 0:00
2488.32,11/26/2017 0:00
3267.25,11/26/2017 0:00
1209.59,11/26/2017 0:00
2109.66,11/26/2017 0:00
7483.98,11/27/2017 0:00
3255.36,11/27/2017 0:00
1935.09,11/27/2017 0:00
2846.17,11/27/2017 0:00
4774.56,11/27/2017 0:00
2546.8,11/27/2017 0:00
2168.54,12/1/2017 0:00
3025.92,12/1/2017 0:00
8065.89,12/1/2017 0:00
4029,12/1/2017 0:00
1944.3,12/1/2017 0:00
4351.23,12/1/2017 0:00
1847,12/1/2017 0:00
1113.6,12/1/2017 0:00
3989.76,12/1/2017 0:00
3131.2,12/1/2017 0:00
3930.4,12/2/2017 0:00
2254.8,12/2/2017 0:00
3651.56,12/2/2017 0:00
5195.85,12/2/2017 0:00
6182.4,12/2/2017 0:00
4032,12/2/2017 0:00
5890.5,12/2/2017 0:00
3846.15,12/2/2017 0:00
6432.64,12/2/2017 0:00
1643.12,12/2/2017 0:00
3206.32,12/2/2017 0:00
4169.88,12/2/2017 0:00
8291.04,12/2/2017 0:00
2839.32,12/2/2017 0:00
5127.04,12/2/2017 0:00
5735.8,12/2/2017 0:00
2482.11,12/2/2017 0:00
3431.7,12/2/2017 0:00
1249.4,12/2/2017 0:00
2241.45,12/2/2017 0:00
4527.04,12/2/2017 0:00
4242,12/2/2017 0:00
777,12/2/2017 0:00
3184.8,12/2/2017 0:00
2206.6,12/2/2017 0:00
4368.96,12/2/2017 0:00
6996.42,12/2/2017 0:00
1295.97,12/2/2017 0:00
3735.72,12/3/2017 0:00
3053.28,12/3/2017 0:00
7492.4,12/3/2017 0:00
1189.44,12/3/2017 0:00
913.92,12/3/2017 0:00
9064.89,12/5/2017 0:00
4056.36,12/5/2017 0:00
3966.78,12/5/2017 0:00
3336.29,12/5/2017 0:00
1888.88,12/5/2017 0:00
3581.4,12/5/2017 0:00
2444.4,12/5/2017 0:00
1119.93,12/5/2017 0:00
3213.87,12/5/2017 0:00
2117.52,12/5/2017 0:00
3871.89,12/5/2017 0:00
4076.19,12/9/2017 0:00
3384.36,12/9/2017 0:00
7060.24,12/9/2017 0:00
5752.54,12/9/2017 0:00
2585.93,12/9/2017 0:00
3937.25,12/9/2017 0:00
6146.8,12/9/2017 0:00
6658.02,12/9/2017 0:00
2294.18,12/9/2017 0:00
6819.04,12/9/2017 0:00
1247.4,12/9/2017 0:00
2980.6,12/9/2017 0:00
3964.1,12/9/2017 0:00
1621.62,12/9/2017 0:00
2544.75,12/9/2017 0:00
2657.76,12/9/2017 0:00
8602.92,1/2/2018 0:00
3142.36,1/2/2018 0:00
3114.4,1/2/2018 0:00
2622.48,1/2/2018 0:00
5614.56,1/2/2018 0:00
3949.65,1/2/2018 0:00
4301.15,1/2/2018 0:00
1788,1/2/2018 0:00
1968.3,1/2/2018 0:00
2837.46,1/2/2018 0:00
3222,1/2/2018 0:00
3424.7,1/2/2018 0:00
4447.4,1/2/2018 0:00
2818.53,1/2/2018 0:00
2682.96,1/2/2018 0:00
5197.92,1/9/2018 0:00
2817.92,1/9/2018 0:00
2498.6,1/9/2018 0:00
3535.03,1/9/2018 0:00
2793.24,1/9/2018 0:00
1974.06,1/9/2018 0:00
2927.43,1/9/2018 0:00
2145.12,1/9/2018 0:00
3009.09,1/12/2018 0:00
6123.4,1/12/2018 0:00
5719.5,1/12/2018 0:00
3844,1/12/2018 0:00
1986.8,1/12/2018 0:00
2658.96,1/12/2018 0:00
1851,1/12/2018 0:00
2018.4,1/12/2018 0:00
2840,1/12/2018 0:00
3675.86,1/12/2018 0:00
2307.24,1/12/2018 0:00
1763.86,1/12/2018 0:00
1649.55,1/12/2018 0:00
2592.72,1/12/2018 0:00
2818,1/12/2018 0:00
2678.4,1/12/2018 0:00
2953.86,1/12/2018 0:00
4708.44,1/15/2018 0:00
7498.9,1/15/2018 0:00
4771.8,1/15/2018 0:00
2591.96,1/15/2018 0:00
2730,1/15/2018 0:00
3745.28,1/15/2018 0:00
2488.14,1/15/2018 0:00
5673.58,1/15/2018 0:00
2254,1/15/2018 0:00
1338.12,1/15/2018 0:00
2351.04,1/15/2018 0:00
2027.52,1/15/2018 0:00
1731.84,1/15/2018 0:00
4040.03,1/15/2018 0:00
3222,1/15/2018 0:00
4946.76,1/16/2018 0:00
4180.44,1/16/2018 0:00
4186.73,1/16/2018 0:00
4492.36,1/16/2018 0:00
1339.8,1/16/2018 0:00
4840.87,1/16/2018 0:00
4910.4,1/16/2018 0:00
5554.4,1/16/2018 0:00
6357.6,1/16/2018 0:00
3374.71,1/16/2018 0:00
2399.85,1/16/2018 0:00
3966.3,1/16/2018 0:00
1476.28,1/16/2018 0:00
2149.74,1/16/2018 0:00
4039.26,1/16/2018 0:00
6949.67,1/16/2018 0:00
3602.02,1/22/2018 0:00
2084.75,1/22/2018 0:00
2790.45,1/22/2018 0:00
5967,1/26/2018 0:00
1322.16,1/26/2018 0:00
3604.23,1/26/2018 0:00
9534.5,1/26/2018 0:00
683.8,1/26/2018 0:00
2349.06,1/26/2018 0:00
1534.72,1/26/2018 0:00
6075.3,1/29/2018 0:00
5152,1/29/2018 0:00
2413.26,1/29/2018 0:00
1423.29,1/29/2018 0:00
5510.05,1/29/2018 0:00
1820.01,1/29/2018 0:00
5285.14,1/29/2018 0:00
4555.92,1/29/2018 0:00
2082.88,1/29/2018 0:00
3532.23,1/29/2018 0:00
5759.42,2/2/2018 0:00
7020.48,2/4/2018 0:00
2148.3,2/4/2018 0:00
4509.08,2/4/2018 0:00
3148.88,2/4/2018 0:00
2244.9,2/4/2018 0:00
2419.95,2/4/2018 0:00
2728,2/4/2018 0:00
4891.68,2/10/2018 0:00
8448.64,2/10/2018 0:00
846.51,2/10/2018 0:00
1931.65,2/10/2018 0:00
7181.44,2/12/2018 0:00
4713.6,2/12/2018 0:00
5045.22,2/12/2018 0:00
8258,2/12/2018 0:00
1457.82,2/12/2018 0:00
5032.74,2/12/2018 0:00
1056.4,2/12/2018 0:00
3983.05,2/12/2018 0:00
2056.2,2/12/2018 0:00
4417.38,2/18/2018 0:00
1855.41,2/18/2018 0:00
3491.67,2/18/2018 0:00
6804.63,2/18/2018 0:00
2231,2/18/2018 0:00
5997.6,2/19/2018 0:00
6954.08,2/19/2018 0:00
4636.38,2/19/2018 0:00
3858.75,2/19/2018 0:00
2608.96,2/19/2018 0:00
3328.07,2/19/2018 0:00
3025.05,2/19/2018 0:00
3703.46,2/19/2018 0:00
2718.72,2/19/2018 0:00
1942.77,2/19/2018 0:00
2659.54,2/19/2018 0:00
3246.75,2/19/2018 0:00
2914.2,2/19/2018 0:00
4187.22,2/19/2018 0:00
2955.54,2/19/2018 0:00
3183.29,2/19/2018 0:00
1416.39,2/19/2018 0:00
2280.24,2/19/2018 0:00
3965.66,2/20/2018 0:00
5422.39,2/20/2018 0:00
9774.03,2/20/2018 0:00
4724.91,2/20/2018 0:00
1695.96,2/20/2018 0:00
2921.28,2/20/2018 0:00
3608.76,2/20/2018 0:00
2633.78,2/20/2018 0:00
1716.26,2/20/2018 0:00
2475.27,2/20/2018 0:00
1320.8,2/20/2018 0:00
1896.66,2/20/2018 0:00
2534.75,2/20/2018 0:00
3199.86,2/20/2018 0:00
1747.2,2/20/2018 0:00
6087.94,2/21/2018 0:00
2220.72,2/21/2018 0:00
2972.58,2/21/2018 0:00
1695.49,2/21/2018 0:00
3336.9,2/21/2018 0:00
3864.5,2/21/2018 0:00
4517.91,2/22/2018 0:00
2495.5,2/22/2018 0:00
2864.17,2/22/2018 0:00
2684.43,2/22/2018 0:00
4529.28,2/22/2018 0:00
3039.96,2/22/2018 0:00
6407.86,2/22/2018 0:00
3540.53,2/22/2018 0:00
4564.08,2/22/2018 0:00
5260.15,2/22/2018 0:00
1538.46,2/22/2018 0:00
1205.04,2/22/2018 0:00
4550,2/22/2018 0:00
3235.18,2/22/2018 0:00
4161.38,2/26/2018 0:00
3892.08,2/26/2018 0:00
3231.36,2/26/2018 0:00
7343.9,2/26/2018 0:00
1265.46,2/26/2018 0:00
1557.72,2/26/2018 0:00
4420.32,2/26/2018 0:00
2953.75,3/2/2018 0:00
1504.12,3/2/2018 0:00
3712.8,3/2/2018 0:00
1423.8,3/2/2018 0:00
7017.76,3/2/2018 0:00
5579.02,3/2/2018 0:00
3666.96,3/2/2018 0:00
3566.94,3/2/2018 0:00
2136.01,3/2/2018 0:00
1226.82,3/2/2018 0:00
1161.12,3/2/2018 0:00
4142.58,3/2/2018 0:00
4340.49,3/2/2018 0:00
3184.8,3/2/2018 0:00
1185.3,3/2/2018 0:00
6463.23,3/10/2018 0:00
3360,3/10/2018 0:00
2504.4,3/10/2018 0:00
2866.95,3/10/2018 0:00
3181.53,3/10/2018 0:00
3406.59,3/10/2018 0:00
6426.5,3/11/2018 0:00
3451,3/11/2018 0:00
4521.96,3/11/2018 0:00
3765.32,3/11/2018 0:00
1667.4,3/11/2018 0:00
4172.52,3/11/2018 0:00
4716.23,3/11/2018 0:00
1569.75,3/11/2018 0:00
5704.32,3/11/2018 0:00
1085.04,3/11/2018 0:00
2793,3/11/2018 0:00
1244.53,3/11/2018 0:00
2191.2,3/11/2018 0:00
5614,3/11/2018 0:00
7016.31,3/15/2018 0:00
7300.51,3/15/2018 0:00
7238.28,3/15/2018 0:00
1955.88,3/15/2018 0:00
4737.15,3/15/2018 0:00
2801.4,3/15/2018 0:00
3974.94,3/15/2018 0:00
2242.02,3/15/2018 0:00
8378.58,3/19/2018 0:00
6952.12,3/19/2018 0:00
3606.02,3/20/2018 0:00
4598.4,3/20/2018 0:00
2059.19,3/20/2018 0:00
5652.94,3/20/2018 0:00
2296.84,3/20/2018 0:00
4615.68,3/20/2018 0:00
2885.05,3/20/2018 0:00
1192.56,3/20/2018 0:00
3788.4,3/29/2018 0:00
2544.12,3/29/2018 0:00
2389.6,3/29/2018 0:00
1824.72,4/2/2018 0:00
2214.67,4/2/2018 0:00
1981.65,4/2/2018 0:00
3245.6,4/2/2018 0:00
4177.49,4/2/2018 0:00
2642.82,4/2/2018 0:00
1449.35,4/2/2018 0:00
2580.25,4/2/2018 0:00
3372.5,4/2/2018 0:00
2402.75,4/2/2018 0:00
2944,4/2/2018 0:00
2466.7,4/2/2018 0:00
2852.08,4/3/2018 0:00
1281.56,4/3/2018 0:00
3153.6,4/3/2018 0:00
2333.12,4/5/2018 0:00
7023.9,4/5/2018 0:00
4193.28,4/5/2018 0:00
1357.72,4/5/2018 0:00
2299,4/5/2018 0:00
2070.9,4/5/2018 0:00
1045.98,4/5/2018 0:00
3113.64,4/5/2018 0:00
1366.8,4/5/2018 0:00
5774.72,4/9/2018 0:00
3167.38,4/9/2018 0:00
1484.2,4/9/2018 0:00
2999.97,4/9/2018 0:00
6554.24,4/9/2018 0:00
6350.96,4/9/2018 0:00
2935.15,4/9/2018 0:00
2062.94,4/9/2018 0:00
1958.88,4/12/2018 0:00
3400.32,4/12/2018 0:00
7083.37,4/12/2018 0:00
891.2,4/12/2018 0:00
4479.63,4/12/2018 0:00
5628.89,4/13/2018 0:00
2508.66,4/13/2018 0:00
7597.3,4/13/2018 0:00
5526.32,4/13/2018 0:00
2397.45,4/13/2018 0:00
6853.44,4/13/2018 0:00
5959.22,4/13/2018 0:00
3787.98,4/13/2018 0:00
2009.7,4/13/2018 0:00
1681.46,4/13/2018 0:00
845.25,4/13/2018 0:00
4441.5,4/13/2018 0:00
2762.2,4/13/2018 0:00
2114.58,4/13/2018 0:00
2341.71,4/13/2018 0:00
1698.78,4/20/2018 0:00
6154.18,4/26/2018 0:00
974.82,4/26/2018 0:00
4684.8,4/29/2018 0:00
1164.4,4/29/2018 0:00
5950.34,4/29/2018 0:00
3525.6,4/29/2018 0:00
1394.16,4/29/2018 0:00
3340.51,4/29/2018 0:00
3035.88,4/29/2018 0:00
1764.75,4/29/2018 0:00
3467.2,4/29/2018 0:00
6120.34,5/4/2018 0:00
4591.72,5/4/2018 0:00
5920.4,5/4/2018 0:00
3451,5/4/2018 0:00
2390.22,5/4/2018 0:00
2694.15,5/4/2018 0:00
4133.64,5/4/2018 0:00
3043.04,5/4/2018 0:00
4628.8,5/4/2018 0:00
10606.2,5/5/2018 0:00
4381.25,5/5/2018 0:00
4157.73,5/5/2018 0:00
5069.66,5/5/2018 0:00
6549.2,5/5/2018 0:00
2159.96,5/5/2018 0:00
1859.7,5/5/2018 0:00
7132.68,5/5/2018 0:00
6756,5/5/2018 0:00
2314.4,5/5/2018 0:00
3520.6,5/5/2018 0:00
1767.43,5/5/2018 0:00
6311.2,5/5/2018 0:00
1704.5,5/5/2018 0:00
1988.4,5/5/2018 0:00
2928.42,5/5/2018 0:00
3128.65,5/5/2018 0:00
2910.4,5/7/2018 0:00
1553.58,5/7/2018 0:00
3802.56,5/7/2018 0:00
5082.42,5/7/2018 0:00
3170.16,5/7/2018 0:00
6960.48,5/7/2018 0:00
3053.7,5/7/2018 0:00
1755.13,5/7/2018 0:00
2568.24,5/7/2018 0:00
4157.2,5/7/2018 0:00
2428.48,5/7/2018 0:00
3245.4,5/7/2018 0:00
3162.95,5/7/2018 0:00
1506.96,5/7/2018 0:00
5600.5,5/8/2018 0:00
1356.4,5/8/2018 0:00
1742.5,5/8/2018 0:00
3838,5/8/2018 0:00
1843.52,5/8/2018 0:00
8160.3,5/11/2018 0:00
2668.68,5/11/2018 0:00
2747.53,5/11/2018 0:00
2803.2,5/11/2018 0:00
3002.4,5/11/2018 0:00
2760.94,5/11/2018 0:00
3282.28,5/11/2018 0:00
3061,5/11/2018 0:00
1869.48,5/11/2018 0:00
2831.54,5/11/2018 0:00
3909.15,5/11/2018 0:00
6055.72,5/11/2018 0:00
2956.8,5/11/2018 0:00
2363.22,5/11/2018 0:00
3188.64,5/18/2018 0:00
5756.52,5/18/2018 0:00
7078.23,5/18/2018 0:00
7552.28,5/18/2018 0:00
1774.22,5/18/2018 0:00
2637.18,5/18/2018 0:00
1527.8,5/26/2018 0:00
6749.83,5/26/2018 0:00
1638.04,5/26/2018 0:00
3559.4,5/26/2018 0:00
3092.6,5/26/2018 0:00
3317.78,5/26/2018 0:00
1738.08,5/26/2018 0:00
2832,5/26/2018 0:00
3475.68,5/26/2018 0:00
3922.56,6/1/2018 0:00
2402.84,6/1/2018 0:00
2254.25,6/1/2018 0:00
4910.57,6/1/2018 0:00
3054.48,6/1/2018 0:00
3374.88,6/1/2018 0:00
1930.39,6/1/2018 0:00
4459.62,6/1/2018 0:00
5177.04,6/1/2018 0:00
6773.6,6/1/2018 0:00
4029.38,6/1/2018 0:00
1706.8,6/1/2018 0:00
1263.84,6/1/2018 0:00
5148,6/1/2018 0:00
3726,6/4/2018 0:00
1690.9,6/4/2018 0:00
3248.7,6/8/2018 0:00
1500.75,6/8/2018 0:00
4407,6/14/2018 0:00
2632.28,6/14/2018 0:00
3138.34,6/14/2018 0:00
2321.54,6/14/2018 0:00
3628.94,6/14/2018 0:00
7680.64,6/15/2018 0:00
4033.38,6/15/2018 0:00
6668.24,6/15/2018 0:00
6541.2,6/15/2018 0:00
5453,6/15/2018 0:00
5697.9,6/15/2018 0:00
3379.94,6/15/2018 0:00
1476.6,6/15/2018 0:00
3657.69,6/15/2018 0:00
4666.62,6/15/2018 0:00
1257.27,6/15/2018 0:00
1310.96,6/15/2018 0:00
5285.62,6/15/2018 0:00
1030.44,6/15/2018 0:00
3900.6,6/15/2018 0:00
1753.2,6/15/2018 0:00
1228.2,6/15/2018 0:00
3054.57,6/15/2018 0:00
3641.4,6/15/2018 0:00
3378.24,6/17/2018 0:00
1790.6,6/17/2018 0:00
4512.6,6/17/2018 0:00
2019.74,6/17/2018 0:00
2108,6/17/2018 0:00
3021.48,6/17/2018 0:00
2203.75,6/17/2018 0:00
4071.5,6/17/2018 0:00
1472.62,6/17/2018 0:00
6567.96,6/24/2018 0:00
2697.6,6/24/2018 0:00
4103.46,6/24/2018 0:00
3310.92,6/24/2018 0:00
1611.36,6/24/2018 0:00
3236.1,6/24/2018 0:00
4273.29,6/24/2018 0:00
2948.16,6/24/2018 0:00
3164.4,6/24/2018 0:00
1860.53,6/24/2018 0:00
3361.2,6/24/2018 0:00
4142.16,6/24/2018 0:00
2994.75,6/24/2018 0:00
2052,6/24/2018 0:00
2487.45,6/24/2018 0:00
1199.31,6/24/2018 0:00
3676.76,6/28/2018 0:00
4472,6/28/2018 0:00
8336.94,6/28/2018 0:00
6434.4,6/28/2018 0:00
2843.61,6/28/2018 0:00
1997.5,6/28/2018 0:00
4307.52,6/28/2018 0:00
2311.02,6/28/2018 0:00
1808.4,6/28/2018 0:00
2477.21,6/28/2018 0:00
5465.16,6/28/2018 0:00
2626.08,6/30/2018 0:00
2410.6,6/30/2018 0:00
2408.7,6/30/2018 0:00
3913.69,6/30/2018 0:00
651.8,6/30/2018 0:00
3330.98,6/30/2018 0:00
4206.5,6/30/2018 0:00
3907.8,7/2/2018 0:00
8427.02,7/2/2018 0:00
9160.36,7/6/2018 0:00
2454.54,7/6/2018 0:00
2681.35,7/6/2018 0:00
4468.4,7/6/2018 0:00
2526.51,7/6/2018 0:00
5196.6,7/6/2018 0:00
2464.77,7/6/2018 0:00
6203.4,7/6/2018 0:00
2824.8,7/6/2018 0:00
4812.55,7/6/2018 0:00
5035.14,7/6/2018 0:00
1352.4,7/6/2018 0:00
1373.6,7/6/2018 0:00
2935.15,7/6/2018 0:00
2932.08,7/6/2018 0:00
2719.8,7/7/2018 0:00
3204,7/7/2018 0:00
3315.12,7/7/2018 0:00
4645.72,7/7/2018 0:00
4256.56,7/7/2018 0:00
5110.98,7/7/2018 0:00
2018.56,7/16/2018 0:00
4674.72,7/16/2018 0:00
4905.39,7/19/2018 0:00
4302.08,7/19/2018 0:00
4094.72,7/19/2018 0:00
4164.12,7/19/2018 0:00
2983.44,7/19/2018 0:00
4775.08,7/19/2018 0:00
5383.08,7/19/2018 0:00
2567.84,7/19/2018 0:00
2743.04,7/19/2018 0:00
1330.35,7/19/2018 0:00
4048,7/19/2018 0:00
5818.4,7/20/2018 0:00
4283.01,7/20/2018 0:00
7962.24,7/20/2018 0:00
3012.27,7/20/2018 0:00
9169,7/20/2018 0:00
5093.5,7/20/2018 0:00
1732,7/20/2018 0:00
3928.6,7/20/2018 0:00
3734,7/20/2018 0:00
2913.3,7/20/2018 0:00
5605.05,7/20/2018 0:00
1585.36,7/20/2018 0:00
3070.54,7/20/2018 0:00
1666.7,7/20/2018 0:00
2908.35,7/20/2018 0:00
3345.26,7/20/2018 0:00
2443.26,7/20/2018 0:00
3508.8,7/21/2018 0:00
6724,7/21/2018 0:00
3334.04,7/21/2018 0:00
5026.4,7/21/2018 0:00
5450.59,7/21/2018 0:00
4287.5,7/21/2018 0:00
2345.97,7/21/2018 0:00
2784.76,7/21/2018 0:00
2603.2,7/21/2018 0:00
2796.12,7/21/2018 0:00
1735.92,7/21/2018 0:00
3984.96,7/21/2018 0:00
1372.14,7/21/2018 0:00
2146.2,7/21/2018 0:00
2172.48,7/21/2018 0:00
2610.72,7/21/2018 0:00
3446,7/21/2018 0:00
2969.46,7/21/2018 0:00
1875.2,7/21/2018 0:00
1696.82,7/21/2018 0:00
4177.35,7/23/2018 0:00
2904.44,7/23/2018 0:00
6901.92,7/23/2018 0:00
3163.65,7/23/2018 0:00
2353.2,7/23/2018 0:00
2153.76,7/23/2018 0:00
2380,7/23/2018 0:00
2399.4,7/23/2018 0:00
3357.49,7/23/2018 0:00
1682.37,7/23/2018 0:00
1883.93,7/23/2018 0:00
1791.16,7/23/2018 0:00
1724.82,7/23/2018 0:00
2864.32,7/23/2018 0:00
4472.52,7/23/2018 0:00
6378.72,7/23/2018 0:00
3164.8,7/23/2018 0:00
2249.05,7/23/2018 0:00
9631,8/2/2018 0:00
5181.5,8/2/2018 0:00
5464.69,8/2/2018 0:00
3184.02,8/2/2018 0:00
2658.48,8/2/2018 0:00
3924.6,8/2/2018 0:00
1661.88,8/2/2018 0:00
5713.92,8/2/2018 0:00
3472.54,8/2/2018 0:00
1224.6,8/2/2018 0:00
3608.64,8/2/2018 0:00
988.47,8/2/2018 0:00
4304.64,8/2/2018 0:00
1486.38,8/2/2018 0:00
3127.88,8/4/2018 0:00
4667.86,8/6/2018 0:00
2604.52,8/6/2018 0:00
2634.94,8/6/2018 0:00
3754.05,8/6/2018 0:00
4324.32,8/6/2018 0:00
6401.22,8/6/2018 0:00
4116.8,8/6/2018 0:00
1584.8,8/6/2018 0:00
1205.59,8/6/2018 0:00
3159.75,8/6/2018 0:00
1575.08,8/9/2018 0:00
2398.72,8/9/2018 0:00
3918.53,8/9/2018 0:00
5580.96,8/9/2018 0:00
2344.98,8/9/2018 0:00
6168,8/9/2018 0:00
8014.82,8/17/2018 0:00
2800.08,8/17/2018 0:00
5239.5,8/17/2018 0:00
1557.36,8/17/2018 0:00
3668.6,8/17/2018 0:00
1574,8/17/2018 0:00
4750.8,8/17/2018 0:00
4455,8/17/2018 0:00
5126.24,8/17/2018 0:00
2954.53,8/17/2018 0:00
3006.43,8/17/2018 0:00
3474.46,8/17/2018 0:00
3704.05,8/17/2018 0:00
577.6,8/17/2018 0:00
2137.05,8/17/2018 0:00
1381.05,8/17/2018 0:00
1656.69,8/17/2018 0:00
7020.64,8/19/2018 0:00
2938.5,8/19/2018 0:00
5247.18,8/19/2018 0:00
5773.44,8/19/2018 0:00
1674.17,8/19/2018 0:00
4191.25,8/19/2018 0:00
2482.25,8/19/2018 0:00
2634.28,8/19/2018 0:00
2779.5,8/19/2018 0:00
813.2,8/19/2018 0:00
2402.07,8/19/2018 0:00
1710.89,8/19/2018 0:00
2792.52,8/19/2018 0:00
2321.46,8/19/2018 0:00
2992,8/20/2018 0:00
7071.27,8/20/2018 0:00
4364.82,8/20/2018 0:00
3778.8,8/20/2018 0:00
3238.63,8/20/2018 0:00
2059.26,8/20/2018 0:00
6695.53,8/20/2018 0:00
4174.92,8/20/2018 0:00
5795.54,8/20/2018 0:00
4674.8,8/20/2018 0:00
3580.88,8/20/2018 0:00
1357.78,8/20/2018 0:00
5316.36,8/20/2018 0:00
3159.96,8/20/2018 0:00
2407.68,8/20/2018 0:00
4797.39,8/20/2018 0:00
2147.4,8/20/2018 0:00
4310.72,8/20/2018 0:00
2470.86,8/20/2018 0:00
3540.15,8/20/2018 0:00
3724.23,8/20/2018 0:00
1882.8,8/20/2018 0:00
3091.19,8/20/2018 0:00
1939.3,8/20/2018 0:00
3396.44,8/20/2018 0:00
2477.23,8/20/2018 0:00
1693.56,8/20/2018 0:00
5747.85,8/21/2018 0:00
2226.11,8/21/2018 0:00
2310.88,8/21/2018 0:00
2219.7,8/21/2018 0:00
2795.13,8/21/2018 0:00
1175.16,8/21/2018 0:00
1491,8/21/2018 0:00
4093,8/21/2018 0:00
1713.69,8/21/2018 0:00
1994.88,8/21/2018 0:00
4576.95,8/21/2018 0:00
1740,8/21/2018 0:00
2061.12,8/21/2018 0:00
4099.68,8/27/2018 0:00
6484.59,8/27/2018 0:00
5438.07,8/27/2018 0:00
6863.92,8/27/2018 0:00
981.2,8/27/2018 0:00
3716.88,8/27/2018 0:00
2733.12,8/27/2018 0:00
2263.28,8/27/2018 0:00
3658.93,8/27/2018 0:00
1518.11,8/27/2018 0:00
2600.26,8/27/2018 0:00
3077.88,8/27/2018 0:00
5392.8,8/27/2018 0:00
2173.6,8/28/2018 0:00
3432.24,8/30/2018 0:00
4756.5,8/30/2018 0:00
2846.63,8/30/2018 0:00
2675.13,8/30/2018 0:00
6499.32,8/30/2018 0:00
3625.16,8/30/2018 0:00
3516.48,8/30/2018 0:00
5052.96,8/30/2018 0:00
5852.52,8/30/2018 0:00
3042.68,8/30/2018 0:00
6761.6,8/30/2018 0:00
4310.55,8/30/2018 0:00
4300.32,8/30/2018 0:00
1427.4,8/30/2018 0:00
1359.4,8/30/2018 0:00
4297.32,8/30/2018 0:00
3524.8,8/30/2018 0:00
2936.8,9/1/2018 0:00
5875.2,9/1/2018 0:00
1729,9/1/2018 0:00
3822.92,9/1/2018 0:00
2834.65,9/1/2018 0:00
1688.43,9/1/2018 0:00
2381.04,9/1/2018 0:00
2616,9/1/2018 0:00
1106.93,9/1/2018 0:00
2830.45,9/1/2018 0:00
6539.04,9/1/2018 0:00
2328.66,9/1/2018 0:00
4873.26,9/1/2018 0:00
1340.46,9/1/2018 0:00
4567.98,9/3/2018 0:00
1345.68,9/3/2018 0:00
8272.34,9/3/2018 0:00
2177.1,9/3/2018 0:00
2501.98,9/7/2018 0:00
5171.4,9/7/2018 0:00
7136.19,9/8/2018 0:00
3855.9,9/8/2018 0:00
6387.8,9/8/2018 0:00
2214.87,9/8/2018 0:00
4687.94,9/8/2018 0:00
4554.94,9/8/2018 0:00
4528.86,9/8/2018 0:00
1500.98,9/8/2018 0:00
5713.79,9/8/2018 0:00
1871.83,9/8/2018 0:00
2866.26,9/8/2018 0:00
2844.87,9/8/2018 0:00
7140.76,9/8/2018 0:00
5288.64,9/8/2018 0:00
1502.78,9/8/2018 0:00
2150,9/8/2018 0:00
5398.08,9/8/2018 0:00
1172.34,9/8/2018 0:00
3832.38,9/8/2018 0:00
2178.54,9/8/2018 0:00
2326.5,9/8/2018 0:00
2099.63,9/8/2018 0:00
2296,9/8/2018 0:00
4983.14,9/8/2018 0:00
1927.45,9/8/2018 0:00
3256.96,9/8/2018 0:00
8411.56,9/9/2018 0:00
4242.24,9/9/2018 0:00
8253,9/9/2018 0:00
2819.28,9/9/2018 0:00
2418.24,9/9/2018 0:00
4946.06,9/9/2018 0:00
2941.89,9/9/2018 0:00
2084.81,9/9/2018 0:00
1921.92,9/9/2018 0:00
3427.2,9/10/2018 0:00
3908.62,9/10/2018 0:00
1958.84,9/10/2018 0:00
2576.2,9/10/2018 0:00
3473.78,9/10/2018 0:00
4692.6,9/10/2018 0:00
5676.84,9/15/2018 0:00
2023.14,9/15/2018 0:00
1863.4,9/15/2018 0:00
1496.25,9/15/2018 0:00
1671.52,9/15/2018 0:00
1697.3,9/15/2018 0:00
2292.8,9/15/2018 0:00
1259.44,9/15/2018 0:00
4296.6,9/15/2018 0:00
3477.86,9/15/2018 0:00
2441.04,9/15/2018 0:00
1777.6,9/15/2018 0:00
4071.14,9/15/2018 0:00
948.99,9/15/2018 0:00
2069.75,9/16/2018 0:00
4061.76,9/16/2018 0:00
2096.32,9/16/2018 0:00
1666.35,9/16/2018 0:00
2856.88,9/16/2018 0:00
2234.4,9/16/2018 0:00
3986.5,9/16/2018 0:00
3757.26,9/27/2018 0:00
1550.72,9/27/2018 0:00
2597.39,9/30/2018 0:00
6683.34,9/30/2018 0:00
4157.04,9/30/2018 0:00
2182.05,9/30/2018 0:00
7947.31,9/30/2018 0:00
5455.76,9/30/2018 0:00
2194.17,9/30/2018 0:00
2586.88,9/30/2018 0:00
1013.76,9/30/2018 0:00
4382.16,9/30/2018 0:00
3544.2,9/30/2018 0:00
2255.84,10/6/2018 0:00
965.04,10/6/2018 0:00
10172.7,10/11/2018 0:00
6396,10/11/2018 0:00
4508,10/11/2018 0:00
3535.35,10/11/2018 0:00
1795.24,10/11/2018 0:00
2440.8,10/11/2018 0:00
3577.6,10/11/2018 0:00
4613.8,10/11/2018 0:00
1559.04,10/11/2018 0:00
2232.62,10/11/2018 0:00
3958.46,10/11/2018 0:00
1676.2,10/11/2018 0:00
694.6,10/11/2018 0:00
1734.48,10/11/2018 0:00
3342.57,10/11/2018 0:00
2629.44,10/11/2018 0:00
4208,10/11/2018 0:00
6680.78,10/13/2018 0:00
4773.18,10/13/2018 0:00
3934.44,10/13/2018 0:00
4816.08,10/13/2018 0:00
2192.68,10/13/2018 0:00
7455.87,10/13/2018 0:00
2184.38,10/13/2018 0:00
2783.25,10/13/2018 0:00
3189.6,10/13/2018 0:00
1510.56,10/13/2018 0:00
4641.48,10/13/2018 0:00
3155.04,10/13/2018 0:00
2316,10/13/2018 0:00
4618.32,10/13/2018 0:00
2692.8,10/14/2018 0:00
6570.76,10/14/2018 0:00
4982.7,10/14/2018 0:00
3633.4,10/14/2018 0:00
7379.97,10/14/2018 0:00
2586.64,10/14/2018 0:00
3759.04,10/14/2018 0:00
3670.4,10/14/2018 0:00
4166.88,10/14/2018 0:00
3600.65,10/14/2018 0:00
3525.6,10/14/2018 0:00
3207.4,10/14/2018 0:00
1884,10/14/2018 0:00
2606.48,10/14/2018 0:00
1576.74,10/14/2018 0:00
2011.02,10/14/2018 0:00
2315.18,10/14/2018 0:00
2051.56,10/14/2018 0:00
2700,10/14/2018 0:00
3488.78,10/14/2018 0:00
3323.84,10/14/2018 0:00
3232.31,10/14/2018 0:00
2884.8,10/14/2018 0:00
3515.7,10/14/2018 0:00
1823.42,10/14/2018 0:00
2082.85,10/14/2018 0:00
4394.38,10/15/2018 0:00
4043.96,10/15/2018 0:00
4570.4,10/15/2018 0:00
4660.24,10/15/2018 0:00
2235.33,10/15/2018 0:00
1771.06,10/15/2018 0:00
2650.62,10/15/2018 0:00
3493.7,10/15/2018 0:00
2971.34,10/15/2018 0:00
1346.4,10/15/2018 0:00
3286.49,10/15/2018 0:00
3666.08,10/15/2018 0:00
1917.84,10/15/2018 0:00
3037.84,10/15/2018 0:00
4235,10/15/2018 0:00
2051.08,10/15/2018 0:00
2483.04,10/15/2018 0:00
2224.95,10/15/2018 0:00
3106.25,10/15/2018 0:00
4009.23,10/15/2018 0:00
1831.2,10/15/2018 0:00
2656.29,10/15/2018 0:00
6934.62,10/16/2018 0:00
3100.32,10/16/2018 0:00
3988.6,10/16/2018 0:00
2504.75,10/16/2018 0:00
6231.91,10/16/2018 0:00
2923.2,10/16/2018 0:00
1832.6,10/16/2018 0:00
3448.08,10/16/2018 0:00
5278.68,10/16/2018 0:00
8940.96,10/16/2018 0:00
2171.07,10/16/2018 0:00
6266.12,10/16/2018 0:00
3616.64,10/16/2018 0:00
2819.88,10/16/2018 0:00
3358.31,10/16/2018 0:00
5356.8,10/16/2018 0:00
1674.75,10/16/2018 0:00
2273.7,10/16/2018 0:00
2218.5,10/16/2018 0:00
2620.8,10/16/2018 0:00
4595.41,10/16/2018 0:00
1383.03,10/16/2018 0:00
2076,10/16/2018 0:00
2163.72,10/16/2018 0:00
4236.14,10/16/2018 0:00
5497.65,10/16/2018 0:00
4753.49,10/16/2018 0:00
1549.8,10/16/2018 0:00
11623.7,10/21/2018 0:00
4181.44,10/21/2018 0:00
3843.34,10/21/2018 0:00
1105.25,10/21/2018 0:00
8078.4,10/21/2018 0:00
1834.5,10/21/2018 0:00
4729.36,10/21/2018 0:00
3881.25,10/21/2018 0:00
3711.1,10/21/2018 0:00
1880.2,10/21/2018 0:00
4457.02,10/21/2018 0:00
3535.95,10/21/2018 0:00
2217.15,10/21/2018 0:00
1152.06,10/21/2018 0:00
865.49,10/21/2018 0:00
1093.99,10/21/2018 0:00
4884.88,10/21/2018 0:00
6678,10/22/2018 0:00
7975.44,10/22/2018 0:00
2669.1,10/22/2018 0:00
6393.54,10/22/2018 0:00
6913.8,10/22/2018 0:00
6185.7,10/22/2018 0:00
5776.26,10/22/2018 0:00
3416.78,10/22/2018 0:00
1797.58,10/22/2018 0:00
2731.8,10/22/2018 0:00
4572.25,10/22/2018 0:00
2481.7,10/22/2018 0:00
4206.74,10/22/2018 0:00
2881.76,10/22/2018 0:00
2339.92,10/22/2018 0:00
5581.8,10/22/2018 0:00
1448.07,10/22/2018 0:00
4000.26,10/22/2018 0:00
2366.28,10/22/2018 0:00
1727.1,10/22/2018 0:00
2327.15,10/22/2018 0:00
1912.16,10/22/2018 0:00
3403.12,10/22/2018 0:00
2337.38,10/22/2018 0:00
1753.06,10/22/2018 0:00
2973.9,10/22/2018 0:00
3602.16,10/29/2018 0:00
4215.05,10/29/2018 0:00
2081.76,10/29/2018 0:00
2542,10/29/2018 0:00
2670.65,10/29/2018 0:00
3380.69,10/29/2018 0:00
2227.6,10/29/2018 0:00
4128.96,11/1/2018 0:00
2513.28,11/1/2018 0:00
4801.52,11/1/2018 0:00
3704.13,11/1/2018 0:00
1987.02,11/1/2018 0:00
4080.07,11/1/2018 0:00
7110.8,11/1/2018 0:00
2872.25,11/1/2018 0:00
5981.42,11/1/2018 0:00
2166.14,11/1/2018 0:00
3615.71,11/1/2018 0:00
2306.25,11/1/2018 0:00
2333.7,11/1/2018 0:00
1962.09,11/1/2018 0:00
6386.94,11/1/2018 0:00
3139.99,11/1/2018 0:00
1419.84,11/1/2018 0:00
1617.38,11/1/2018 0:00
2795.14,11/1/2018 0:00
4195.8,11/1/2018 0:00
2706.41,11/1/2018 0:00
3573.6,11/1/2018 0:00
2650.56,11/1/2018 0:00
3609.6,11/1/2018 0:00
2736.36,11/1/2018 0:00
1485.8,11/1/2018 0:00
4358.04,11/2/2018 0:00
5566.5,11/2/2018 0:00
7667.14,11/2/2018 0:00
3116.43,11/2/2018 0:00
2213.4,11/2/2018 0:00
6437.28,11/2/2018 0:00
2257.58,11/2/2018 0:00
2916.2,11/2/2018 0:00
5305.36,11/2/2018 0:00
7119,11/2/2018 0:00
6876.11,11/3/2018 0:00
4111.8,11/3/2018 0:00
4850.3,11/3/2018 0:00
2789.96,11/3/2018 0:00
3403.08,11/3/2018 0:00
3491,11/3/2018 0:00
2598.64,11/3/2018 0:00
7901.1,11/3/2018 0:00
2533.63,11/3/2018 0:00
1591.98,11/3/2018 0:00
3684.67,11/3/2018 0:00
1108.38,11/3/2018 0:00
2626.8,11/3/2018 0:00
3478.05,11/3/2018 0:00
6000.4,11/4/2018 0:00
2851.54,11/4/2018 0:00
4784.13,11/4/2018 0:00
2984.88,11/4/2018 0:00
2251.04,11/4/2018 0:00
5803.14,11/4/2018 0:00
3710.9,11/4/2018 0:00
2364.88,11/4/2018 0:00
4489.76,11/4/2018 0:00
2905.98,11/4/2018 0:00
3734,11/4/2018 0:00
12536.5,11/4/2018 0:00
2142.35,11/4/2018 0:00
5797.44,11/4/2018 0:00
2851.2,11/4/2018 0:00
3524.73,11/4/2018 0:00
1224.67,11/4/2018 0:00
2257.92,11/4/2018 0:00
5700.09,11/4/2018 0:00
4232.76,11/4/2018 0:00
2116.5,11/4/2018 0:00
2028.48,11/4/2018 0:00
2624,11/4/2018 0:00
3500.1,11/4/2018 0:00
2181,11/4/2018 0:00
1229.51,11/4/2018 0:00
3305.25,11/4/2018 0:00
1888.95,11/4/2018 0:00
4052.88,11/4/2018 0:00
3051.71,11/5/2018 0:00
2688,11/5/2018 0:00
1466.91,11/5/2018 0:00
2583.6,11/5/2018 0:00
1517.88,11/5/2018 0:00
7207.45,11/5/2018 0:00
1236.84,11/5/2018 0:00
1658.88,11/5/2018 0:00
3155.49,11/5/2018 0:00
3011.91,11/5/2018 0:00
5379.71,11/5/2018 0:00
6203.06,11/5/2018 0:00
6832.02,11/5/2018 0:00
1729,11/5/2018 0:00
3820.44,11/5/2018 0:00
3338.1,11/5/2018 0:00
5325.76,11/5/2018 0:00
6267.69,11/5/2018 0:00
1963.6,11/5/2018 0:00
8844.12,11/5/2018 0:00
5377.4,11/5/2018 0:00
8209.44,11/5/2018 0:00
5190.42,11/5/2018 0:00
5932.96,11/5/2018 0:00
4248.3,11/5/2018 0:00
3807.68,11/9/2018 0:00
4300.5,11/9/2018 0:00
4333.29,11/9/2018 0:00
3519.85,11/9/2018 0:00
1845,11/9/2018 0:00
2340,11/9/2018 0:00
2804.75,11/10/2018 0:00
4781.7,11/10/2018 0:00
1146.5,11/10/2018 0:00
3469.2,11/10/2018 0:00
2022.51,11/10/2018 0:00
3440,11/10/2018 0:00
3204.57,11/10/2018 0:00
3209.38,11/10/2018 0:00
3815.48,11/12/2018 0:00
4114.38,11/12/2018 0:00
2828.16,11/12/2018 0:00
1459.6,11/12/2018 0:00
2675.05,11/12/2018 0:00
2616.98,11/12/2018 0:00
1948.08,11/12/2018 0:00
1765.62,11/12/2018 0:00
2762.1,11/12/2018 0:00
4156.58,11/12/2018 0:00
4021.53,11/12/2018 0:00
4072.2,11/12/2018 0:00
2112,11/12/2018 0:00
3348.93,11/12/2018 0:00
4396.14,11/15/2018 0:00
3176,11/15/2018 0:00
5868.2,11/15/2018 0:00
2930.27,11/15/2018 0:00
3542.64,11/15/2018 0:00
3846.98,11/15/2018 0:00
3607.56,11/15/2018 0:00
2524.86,11/15/2018 0:00
2954.81,11/15/2018 0:00
5266.04,11/15/2018 0:00
2245.8,11/15/2018 0:00
2633.4,11/15/2018 0:00
3493.91,11/15/2018 0:00
2875.95,11/15/2018 0:00
3789.72,11/15/2018 0:00
4405.22,11/16/2018 0:00
2019.27,11/16/2018 0:00
6101,11/16/2018 0:00
3403.26,11/16/2018 0:00
6434.02,11/17/2018 0:00
4375.98,11/17/2018 0:00
2427.03,11/17/2018 0:00
4849.24,11/17/2018 0:00
3257.76,11/17/2018 0:00
974.1,11/17/2018 0:00
3201.5,11/17/2018 0:00
2264.15,11/17/2018 0:00
1264.08,11/17/2018 0:00
1687.4,11/17/2018 0:00
2979.08,11/17/2018 0:00
1592,11/17/2018 0:00
4170.69,11/17/2018 0:00
1765.66,11/17/2018 0:00
7310,11/17/2018 0:00
3472.98,11/17/2018 0:00
1307.32,11/17/2018 0:00
1759.2,11/17/2018 0:00
3685.95,11/17/2018 0:00
2223.52,11/17/2018 0:00
3382.08,11/17/2018 0:00
1859.44,11/17/2018 0:00
1140.48,11/17/2018 0:00
1538.55,11/17/2018 0:00
3078.5,11/17/2018 0:00
1152.58,11/17/2018 0:00
3135.93,11/17/2018 0:00
3166.84,11/17/2018 0:00
5715.4,11/17/2018 0:00
4102.56,11/17/2018 0:00
5026.56,11/17/2018 0:00
3657.8,11/17/2018 0:00
3003,11/18/2018 0:00
3273.93,11/18/2018 0:00
1167.25,11/18/2018 0:00
2795.27,11/18/2018 0:00
11336.7,11/18/2018 0:00
1916.64,11/18/2018 0:00
4424.16,11/18/2018 0:00
2431.77,11/18/2018 0:00
3188.12,11/19/2018 0:00
5814.86,11/19/2018 0:00
2086.92,11/19/2018 0:00
2878.8,11/19/2018 0:00
6763.47,11/19/2018 0:00
5528.04,11/19/2018 0:00
1225.29,11/19/2018 0:00
4746.28,11/19/2018 0:00
2424,11/19/2018 0:00
1888.26,11/20/2018 0:00
4059.33,11/20/2018 0:00
3105.62,11/20/2018 0:00
6372.6,11/20/2018 0:00
7460.74,11/20/2018 0:00
5778.24,11/20/2018 0:00
2230.41,11/20/2018 0:00
5972.4,11/20/2018 0:00
4618.69,11/20/2018 0:00
2626.01,11/20/2018 0:00
3141.57,11/20/2018 0:00
9558.8,11/20/2018 0:00
1201.25,11/21/2018 0:00
5679.36,11/21/2018 0:00
4498.19,11/21/2018 0:00
2087.13,11/21/2018 0:00
2296.77,11/21/2018 0:00
2530.8,11/21/2018 0:00
2770.78,11/21/2018 0:00
2588.04,11/21/2018 0:00
4080.72,11/21/2018 0:00
5624.79,11/22/2018 0:00
2312.24,11/22/2018 0:00
5526.45,11/22/2018 0:00
2756.8,11/23/2018 0:00
2990.13,11/23/2018 0:00
2810.7,11/23/2018 0:00
1864.8,11/23/2018 0:00
2278.53,11/23/2018 0:00
1063.65,11/23/2018 0:00
6214.45,11/23/2018 0:00
10758,11/23/2018 0:00
2891.01,11/23/2018 0:00
2493.12,11/23/2018 0:00
4361.4,11/23/2018 0:00
2816.44,11/23/2018 0:00
3918.75,11/23/2018 0:00
3717.5,11/23/2018 0:00
2893,11/23/2018 0:00
2060.37,11/23/2018 0:00
7737.93,11/24/2018 0:00
3584.25,11/24/2018 0:00
8118.55,11/24/2018 0:00
4220.92,11/24/2018 0:00
3368.16,11/24/2018 0:00
4136,11/24/2018 0:00
6454.4,11/24/2018 0:00
5848.92,11/24/2018 0:00
3599.75,11/24/2018 0:00
3160.74,11/24/2018 0:00
1308,11/24/2018 0:00
5029.5,11/24/2018 0:00
1668.5,11/24/2018 0:00
6548.3,11/24/2018 0:00
3734.72,11/24/2018 0:00
1454.7,11/24/2018 0:00
6276.46,11/24/2018 0:00
977.67,11/24/2018 0:00
4398.9,11/24/2018 0:00
3307.2,11/24/2018 0:00
1575.6,11/24/2018 0:00
2997.6,11/24/2018 0:00
5013.54,11/24/2018 0:00
3390.8,11/24/2018 0:00
3098.7,11/24/2018 0:00
6482.85,11/24/2018 0:00
3713.16,11/24/2018 0:00
2307.24,11/24/2018 0:00
2201.62,11/24/2018 0:00
2024.8,11/24/2018 0:00
4682.36,11/24/2018 0:00
2658,11/24/2018 0:00
4826.25,11/24/2018 0:00
4094.51,11/24/2018 0:00
3644.12,11/24/2018 0:00
7650,11/25/2018 0:00
2276.4,11/25/2018 0:00
3928.2,11/25/2018 0:00
2203.11,11/25/2018 0:00
1649.18,11/25/2018 0:00
1726.37,11/25/2018 0:00
703.6,11/25/2018 0:00
2311.68,11/25/2018 0:00
3944.7,11/29/2018 0:00
4428,11/29/2018 0:00
3586.43,11/29/2018 0:00
2083.2,11/29/2018 0:00
1516.62,11/29/2018 0:00
1237.95,11/29/2018 0:00
6834.5,11/29/2018 0:00
4815.3,11/29/2018 0:00
4814.4,11/29/2018 0:00
2208.64,11/29/2018 0:00
4948.2,11/29/2018 0:00
2656.94,11/29/2018 0:00
5884.65,11/29/2018 0:00
2876.75,11/29/2018 0:00
2093.76,11/29/2018 0:00
3325.92,11/29/2018 0:00
2492.88,11/29/2018 0:00
2143.68,11/29/2018 0:00
4408.56,12/1/2018 0:00
5232.96,12/1/2018 0:00
6719.54,12/1/2018 0:00
5223.48,12/1/2018 0:00
7396.8,12/1/2018 0:00
4394.84,12/1/2018 0:00
2275.2,12/1/2018 0:00
1336.68,12/1/2018 0:00
3182.97,12/1/2018 0:00
1535.49,12/1/2018 0:00
1962.22,12/2/2018 0:00
2793.71,12/2/2018 0:00
5191.12,12/2/2018 0:00
3814.64,12/2/2018 0:00
3023.1,12/2/2018 0:00
1711.22,12/2/2018 0:00
3021,12/2/2018 0:00
1508.5,12/2/2018 0:00
4406.4,12/2/2018 0:00
2213.4,12/2/2018 0:00
6490.88,12/2/2018 0:00
3526.82,12/2/2018 0:00
2924.32,12/2/2018 0:00
2185.15,12/2/2018 0:00
2397.54,12/2/2018 0:00
2854.75,12/2/2018 0:00
2244.4,12/2/2018 0:00
3881.28,12/3/2018 0:00
3374.6,12/3/2018 0:00
1867,12/3/2018 0:00
2598.44,12/3/2018 0:00
2018.58,12/3/2018 0:00
2352.67,12/3/2018 0:00
4935.28,12/3/2018 0:00
1661.22,12/3/2018 0:00
2579.36,12/3/2018 0:00
3515.67,12/4/2018 0:00
2008.44,12/4/2018 0:00
3146.5,12/4/2018 0:00
3733.82,12/4/2018 0:00
1780.4,12/4/2018 0:00
3288.4,12/4/2018 0:00
5043.87,12/4/2018 0:00
3302.4,12/4/2018 0:00
3523.85,12/4/2018 0:00
3177.91,12/7/2018 0:00
1657.57,12/7/2018 0:00
4203.5,12/7/2018 0:00
2896.65,12/7/2018 0:00
1386.72,12/7/2018 0:00
2747.8,12/7/2018 0:00
5302.72,12/7/2018 0:00
2670.92,12/7/2018 0:00
1513.54,12/7/2018 0:00
4326.8,12/7/2018 0:00
4196.8,12/9/2018 0:00
2509,12/9/2018 0:00
1593.02,12/9/2018 0:00
1746.63,12/9/2018 0:00
3630.22,12/9/2018 0:00
4462.2,12/9/2018 0:00
9720,12/9/2018 0:00
828.36,12/9/2018 0:00
3937.7,12/9/2018 0:00
5691.84,12/10/2018 0:00
5780.92,12/10/2018 0:00
5960.36,12/10/2018 0:00
2711.66,12/10/2018 0:00
2694.72,12/10/2018 0:00
3822,12/10/2018 0:00
2428,12/10/2018 0:00
728.4,12/10/2018 0:00
2541.59,12/10/2018 0:00
3572.33,12/10/2018 0:00
3458.42,12/10/2018 0:00
5160.76,12/10/2018 0:00
2991.68,12/10/2018 0:00
2604.25,12/10/2018 0:00
2528.25,12/10/2018 0:00
3559.64,12/10/2018 0:00
5302.8,12/10/2018 0:00
2673.44,12/10/2018 0:00
5684.65,12/10/2018 0:00
2985.84,12/10/2018 0:00
6847,12/10/2018 0:00
4428,12/10/2018 0:00
5669.64,12/10/2018 0:00
3761.37,12/10/2018 0:00
2624.64,12/15/2018 0:00
4764.48,12/15/2018 0:00
3042.41,12/15/2018 0:00
2603.04,12/15/2018 0:00
6358.68,12/15/2018 0:00
4301.22,12/15/2018 0:00
4896.7,12/15/2018 0:00
1623.25,12/15/2018 0:00
1451,12/17/2018 0:00
1329.9,12/17/2018 0:00
3871.92,12/17/2018 0:00
3710.98,12/17/2018 0:00
1561.5,12/17/2018 0:00
3544.17,12/17/2018 0:00
2725.47,12/17/2018 0:00
1210.8,12/17/2018 0:00
1089.36,12/17/2018 0:00
2754.7,12/17/2018 0:00
3186.48,12/17/2018 0:00
5001.92,12/17/2018 0:00
4277.35,12/17/2018 0:00
2189.6,12/17/2018 0:00
3664.1,1/5/2019 0:00
3877.06,1/5/2019 0:00
1142.41,1/5/2019 0:00
4846,1/5/2019 0:00
2817.87,1/6/2019 0:00
3288.82,1/6/2019 0:00
2775.08,1/6/2019 0:00
4068.7,1/6/2019 0:00
3686.54,1/6/2019 0:00
2773.8,1/6/2019 0:00
4142.64,1/6/2019 0:00
2851.84,1/6/2019 0:00
1629.04,1/6/2019 0:00
3595.62,1/6/2019 0:00
2632.89,1/6/2019 0:00
2447.76,1/6/2019 0:00
2931.98,1/6/2019 0:00
5154.41,1/6/2019 0:00
6576.5,1/6/2019 0:00
2317.44,1/6/2019 0:00
2611.8,1/7/2019 0:00
3425.18,1/7/2019 0:00
4984.32,1/7/2019 0:00
4207.84,1/10/2019 0:00
6144.6,1/10/2019 0:00
6275.72,1/10/2019 0:00
2758.7,1/12/2019 0:00
4703.81,1/12/2019 0:00
8884.8,1/12/2019 0:00
4196.07,1/12/2019 0:00
3033.28,1/12/2019 0:00
4808.38,1/12/2019 0:00
2696.96,1/12/2019 0:00
3751,1/12/2019 0:00
1267.77,1/12/2019 0:00
1463,1/12/2019 0:00
834.67,1/12/2019 0:00
856.52,1/12/2019 0:00
5018.4,1/12/2019 0:00
4107.2,1/19/2019 0:00
4223.13,1/19/2019 0:00
3662.52,1/19/2019 0:00
1991.6,1/19/2019 0:00
1717.64,1/19/2019 0:00
4514.92,1/20/2019 0:00
2297.05,1/20/2019 0:00
8470.14,1/20/2019 0:00
3911.49,1/20/2019 0:00
9240.44,1/20/2019 0:00
3156.16,1/20/2019 0:00
3949,1/20/2019 0:00
2130.92,1/20/2019 0:00
4581.36,1/20/2019 0:00
1237.88,1/20/2019 0:00
1978.62,1/20/2019 0:00
1534.95,1/20/2019 0:00
3288.6,1/20/2019 0:00
1668.37,1/20/2019 0:00
2730,1/20/2019 0:00
3476.8,1/20/2019 0:00
3160.25,1/20/2019 0:00
3560.64,1/23/2019 0:00
1749.79,1/23/2019 0:00
2602.25,1/23/2019 0:00
2431.75,1/23/2019 0:00
3449.4,1/23/2019 0:00
5545.8,1/23/2019 0:00
1408.96,1/23/2019 0:00
4044.04,1/23/2019 0:00
1329.4,1/23/2019 0:00
2986.5,1/23/2019 0:00
2714.4,1/23/2019 0:00
4301.34,1/23/2019 0:00
5862,1/26/2019 0:00
5941.5,1/26/2019 0:00
3862.88,1/26/2019 0:00
2117.75,1/26/2019 0:00
7031.52,1/26/2019 0:00
3562.49,1/26/2019 0:00
3910.53,1/26/2019 0:00
1405.92,1/26/2019 0:00
4496.8,1/26/2019 0:00
4046.25,1/31/2019 0:00
1611.4,1/31/2019 0:00
1908.28,1/31/2019 0:00
3024.5,1/31/2019 0:00
2676.72,1/31/2019 0:00
1891.56,1/31/2019 0:00
3036,1/31/2019 0:00
2394.3,1/31/2019 0:00
2847,1/31/2019 0:00
4627.92,1/31/2019 0:00
2701.12,1/31/2019 0:00
2883.53,1/31/2019 0:00
3275.56,1/31/2019 0:00
4025.6,1/31/2019 0:00
2502.9,1/31/2019 0:00
1624.25,1/31/2019 0:00
3978.51,1/31/2019 0:00
5288.01,2/2/2019 0:00
3834.38,2/2/2019 0:00
2909.34,2/2/2019 0:00
1172.6,2/2/2019 0:00
4197.1,2/2/2019 0:00
4328.6,2/2/2019 0:00
733.11,2/3/2019 0:00
3420,2/3/2019 0:00
3867.08,2/3/2019 0:00
2443.29,2/3/2019 0:00
2046,2/3/2019 0:00
10039.6,2/3/2019 0:00
6353.27,2/3/2019 0:00
3619.44,2/3/2019 0:00
4701.88,2/3/2019 0:00
3224.2,2/3/2019 0:00
5406.66,2/3/2019 0:00
3029.19,2/3/2019 0:00
3856.71,2/3/2019 0:00
1668.25,2/3/2019 0:00
5208.72,2/3/2019 0:00
3987.2,2/8/2019 0:00
1627.92,2/9/2019 0:00
5182,2/9/2019 0:00
5895.05,2/9/2019 0:00
2100.56,2/9/2019 0:00
4352.76,2/9/2019 0:00
7264.53,2/9/2019 0:00
1449.76,2/10/2019 0:00
5399.55,2/10/2019 0:00
1331.1,2/10/2019 0:00
5127.2,2/10/2019 0:00
2464,2/10/2019 0:00
4149.07,2/10/2019 0:00
2266.56,2/10/2019 0:00
4609.64,2/10/2019 0:00
3289.86,2/10/2019 0:00
3970.56,2/10/2019 0:00
5856.85,2/10/2019 0:00
1910.84,2/10/2019 0:00
1757.91,2/10/2019 0:00
4894.17,2/10/2019 0:00
3298.4,2/10/2019 0:00
2515.32,2/16/2019 0:00
4931.6,2/16/2019 0:00
990.78,2/16/2019 0:00
3376.64,2/16/2019 0:00
4536,2/16/2019 0:00
3441.82,2/16/2019 0:00
2257.92,2/16/2019 0:00
1845.45,2/16/2019 0:00
1350,2/16/2019 0:00
1596.76,2/16/2019 0:00
3478.64,2/16/2019 0:00
3953.18,2/16/2019 0:00
4086.29,2/16/2019 0:00
8254.8,2/17/2019 0:00
6231.54,2/17/2019 0:00
3823.64,2/17/2019 0:00
2952,2/17/2019 0:00
4071.85,2/17/2019 0:00
3241.9,2/17/2019 0:00
2130.56,2/17/2019 0:00
4704,2/17/2019 0:00
1320.75,2/17/2019 0:00
2200,2/17/2019 0:00
1701.7,2/17/2019 0:00
4319.76,2/17/2019 0:00
2723.2,2/17/2019 0:00
4288.2,2/17/2019 0:00
8935.5,2/17/2019 0:00
4890.6,2/17/2019 0:00
7827.3,2/17/2019 0:00
2654.4,2/17/2019 0:00
4592.61,2/17/2019 0:00
2708.42,2/17/2019 0:00
6799.68,2/17/2019 0:00
1864.56,2/17/2019 0:00
3843.99,2/22/2019 0:00
1476.48,2/22/2019 0:00
6869.05,2/22/2019 0:00
3340.48,2/22/2019 0:00
5340.9,2/22/2019 0:00
1640.24,2/22/2019 0:00
2018.72,2/22/2019 0:00
6089.6,2/22/2019 0:00
1972.11,2/22/2019 0:00
1701.76,2/22/2019 0:00
1587.08,2/22/2019 0:00
3087.05,2/22/2019 0:00
2282.28,2/22/2019 0:00
4846.7,2/23/2019 0:00
2255.12,2/23/2019 0:00
4208.41,2/23/2019 0:00
6397.44,2/23/2019 0:00
3164.98,2/28/2019 0:00
1933.5,2/28/2019 0:00
1364.25,3/1/2019 0:00
1570.17,3/1/2019 0:00
3441.37,3/1/2019 0:00
1266.1,3/1/2019 0:00
1376.43,3/1/2019 0:00
2182.44,3/1/2019 0:00
2231.6,3/1/2019 0:00
3006.12,3/1/2019 0:00
3167,3/1/2019 0:00
2487.04,3/1/2019 0:00
3102.08,3/1/2019 0:00
5017.57,3/1/2019 0:00
3018.88,3/1/2019 0:00
4143.6,3/1/2019 0:00
2864.4,3/1/2019 0:00
3801.6,3/1/2019 0:00
4357.5,3/1/2019 0:00
5417.57,3/1/2019 0:00
4175.6,3/2/2019 0:00
3207.12,3/3/2019 0:00
2225.5,3/3/2019 0:00
1822.17,3/3/2019 0:00
2575.04,3/3/2019 0:00
5951.44,3/3/2019 0:00
1809.5,3/3/2019 0:00
2529.36,3/3/2019 0:00
5243.79,3/3/2019 0:00
3881.78,3/3/2019 0:00
6981,3/3/2019 0:00
4597.65,3/3/2019 0:00
3988.6,3/3/2019 0:00
3918.95,3/3/2019 0:00
3211.38,3/3/2019 0:00
10066.6,3/3/2019 0:00
7154.5,3/3/2019 0:00
3375.72,3/4/2019 0:00
1463.7,3/4/2019 0:00
3068.69,3/4/2019 0:00
2030.86,3/4/2019 0:00
5491.6,3/4/2019 0:00
7397,3/4/2019 0:00
5079.96,3/4/2019 0:00
6862.94,3/4/2019 0:00
2279.55,3/4/2019 0:00
4894.73,3/4/2019 0:00
2430.64,3/4/2019 0:00
6763.05,3/4/2019 0:00
2472.6,3/4/2019 0:00
1826.96,3/4/2019 0:00
2204.1,3/4/2019 0:00
3491.18,3/4/2019 0:00
2416.56,3/9/2019 0:00
1735.3,3/9/2019 0:00
2464.8,3/9/2019 0:00
2467.9,3/9/2019 0:00
5548.9,3/9/2019 0:00
4998,3/9/2019 0:00
1694,3/9/2019 0:00
1448,3/9/2019 0:00
8344.71,3/9/2019 0:00
4042.08,3/9/2019 0:00
2218.52,3/10/2019 0:00
2520.68,3/10/2019 0:00
4035.96,3/10/2019 0:00
3353.02,3/15/2019 0:00
6376.58,3/15/2019 0:00
1558.99,3/15/2019 0:00
1789.4,3/15/2019 0:00
5207.75,3/15/2019 0:00
2259.72,3/15/2019 0:00
1808.4,3/15/2019 0:00
3370.56,3/17/2019 0:00
2280.96,3/17/2019 0:00
5692.96,3/17/2019 0:00
8977.05,3/17/2019 0:00
6109.29,3/23/2019 0:00
5273.73,3/23/2019 0:00
2154,3/23/2019 0:00
4739.4,3/23/2019 0:00
5720.75,3/23/2019 0:00
2246.4,3/23/2019 0:00
3351.09,3/23/2019 0:00
2600.13,3/23/2019 0:00
2577.6,3/28/2019 0:00
1463,3/28/2019 0:00
5192.64,3/28/2019 0:00
3789.72,3/28/2019 0:00
2116.16,3/28/2019 0:00
4215.09,3/30/2019 0:00
2613.92,3/30/2019 0:00
2023.28,3/30/2019 0:00
4811.85,3/30/2019 0:00
5552.16,3/30/2019 0:00
1611.4,3/30/2019 0:00
2436.78,3/30/2019 0:00
2797.84,3/30/2019 0:00
3521.25,3/30/2019 0:00
1483.02,3/30/2019 0:00
1796.34,3/30/2019 0:00
4121.43,3/30/2019 0:00
3910.32,3/30/2019 0:00
1908.72,3/30/2019 0:00
2810.83,3/30/2019 0:00
1902.4,3/30/2019 0:00
3144.96,3/30/2019 0:00
1367.48,3/30/2019 0:00
9661.44,4/1/2019 0:00
6433.82,4/1/2019 0:00
2245.2,4/1/2019 0:00
7307.42,4/1/2019 0:00
1479.84,4/1/2019 0:00
2173.6,4/1/2019 0:00
3064.32,4/1/2019 0:00
4038.8,4/1/2019 0:00
1122.4,4/1/2019 0:00
3193.26,4/3/2019 0:00
3659.02,4/3/2019 0:00
3843.2,4/3/2019 0:00
4219.28,4/3/2019 0:00
4992.61,4/3/2019 0:00
4819.26,4/3/2019 0:00
1979.6,4/3/2019 0:00
1135.31,4/3/2019 0:00
7543.75,4/3/2019 0:00
2018.31,4/3/2019 0:00
7084,4/3/2019 0:00
2031.4,4/3/2019 0:00
5833.8,4/7/2019 0:00
3064.6,4/7/2019 0:00
5168.4,4/7/2019 0:00
2434.56,4/8/2019 0:00
11886.6,4/8/2019 0:00
8648.64,4/8/2019 0:00
1879.92,4/8/2019 0:00
5287.7,4/8/2019 0:00
2150.55,4/8/2019 0:00
1206.9,4/8/2019 0:00
5189.4,4/8/2019 0:00
2118.54,4/8/2019 0:00
9048.16,4/14/2019 0:00
4509.12,4/14/2019 0:00
8289.05,4/14/2019 0:00
2094.32,4/14/2019 0:00
11739.7,4/14/2019 0:00
8374.69,4/15/2019 0:00
7169.28,4/15/2019 0:00
10468.9,4/15/2019 0:00
7048.14,4/22/2019 0:00
14082.8,4/22/2019 0:00
3051.3,4/22/2019 0:00
6386.16,4/22/2019 0:00
541.14,4/22/2019 0:00
4421.34,4/22/2019 0:00
1987.18,4/22/2019 0:00
2576,4/22/2019 0:00
7182,4/22/2019 0:00
5820.35,4/22/2019 0:00
1057.29,4/22/2019 0:00
3729.39,4/22/2019 0:00
553.95,4/22/2019 0:00
785.64,4/23/2019 0:00
1801.94,4/23/2019 0:00
4140.23,5/1/2019 0:00
4427.73,5/1/2019 0:00
6232,5/1/2019 0:00
3213,5/1/2019 0:00
5235.72,5/1/2019 0:00
2095.45,5/1/2019 0:00
2904.72,5/1/2019 0:00
1867.32,5/1/2019 0:00
3576.8,5/1/2019 0:00
5951.34,5/3/2019 0:00
6712.93,5/3/2019 0:00
5498.08,5/3/2019 0:00
2913.53,5/3/2019 0:00
11887.8,5/3/2019 0:00
1104.6,5/3/2019 0:00
8498,5/3/2019 0:00
1082.1,5/3/2019 0:00
4253.2,5/3/2019 0:00
925.3,5/3/2019 0:00
3460.86,5/3/2019 0:00
8677.8,5/5/2019 0:00
8236.75,5/5/2019 0:00
3387.78,5/5/2019 0:00
6896.75,5/5/2019 0:00
1193.04,5/5/2019 0:00
3256.35,5/5/2019 0:00
2764.88,5/6/2019 0:00
3255.12,5/6/2019 0:00
4872.03,5/6/2019 0:00
5808.48,5/6/2019 0:00
1207.68,5/6/2019 0:00
3335.23,5/6/2019 0:00
6107.4,5/6/2019 0:00
3891.81,5/6/2019 0:00
2639.58,5/6/2019 0:00
3533.62,5/6/2019 0:00
2352.59,5/6/2019 0:00
3029.04,5/6/2019 0:00
2439.99,5/6/2019 0:00
3079.44,5/6/2019 0:00
6209.25,5/9/2019 0:00
1424.22,5/9/2019 0:00
1254.6,5/9/2019 0:00
3070.4,5/9/2019 0:00
2419.62,5/9/2019 0:00
4352.16,5/10/2019 0:00
1482.6,5/10/2019 0:00
4165.61,5/10/2019 0:00
2803.2,5/10/2019 0:00
1351.08,5/10/2019 0:00
3581.76,5/10/2019 0:00
4764.6,5/10/2019 0:00
1591.72,5/10/2019 0:00
1921.41,5/10/2019 0:00
2100.82,5/10/2019 0:00
2457.18,5/10/2019 0:00
5642.83,5/10/2019 0:00
2620.8,5/10/2019 0:00
2674.17,5/10/2019 0:00
7516.08,5/13/2019 0:00
5887.35,5/13/2019 0:00
9218.16,5/13/2019 0:00
3447.78,5/13/2019 0:00
2202.48,5/13/2019 0:00
3550.05,5/13/2019 0:00
1961.28,5/17/2019 0:00
1092.2,5/17/2019 0:00
3065.78,5/17/2019 0:00
3832.64,5/17/2019 0:00
4464.24,5/17/2019 0:00
5202.94,5/17/2019 0:00
3273.27,5/17/2019 0:00
4594.76,5/17/2019 0:00
7695.6,5/17/2019 0:00
5926.9,5/17/2019 0:00
5589.14,5/17/2019 0:00
640.05,5/17/2019 0:00
2896.3,5/17/2019 0:00
9240,5/17/2019 0:00
5283.6,5/29/2019 0:00
2288.52,5/29/2019 0:00
4977,5/29/2019 0:00
5433.75,5/29/2019 0:00
6134.7,5/29/2019 0:00
2078.28,5/29/2019 0:00
3880.2,5/29/2019 0:00
2233.69,5/29/2019 0:00
1209.6,5/29/2019 0:00
1828,5/29/2019 0:00
3933.93,5/29/2019 0:00
5296.5,5/29/2019 0:00
3385.9,5/29/2019 0:00
2617.16,5/29/2019 0:00
652.35,5/29/2019 0:00
4873.05,5/30/2019 0:00
1293.75,5/30/2019 0:00
881.4,5/30/2019 0:00
1665.32,5/30/2019 0:00
1781.22,5/30/2019 0:00
1875.09,5/30/2019 0:00
2208.92,5/30/2019 0:00
12001,5/31/2019 0:00
5894.94,5/31/2019 0:00
7969.36,5/31/2019 0:00
4692.6,5/31/2019 0:00
7182,5/31/2019 0:00
5318.04,5/31/2019 0:00
3777.58,5/31/2019 0:00
935.18,5/31/2019 0:00
3793.16,5/31/2019 0:00
4325.16,5/31/2019 0:00
1556.62,5/31/2019 0:00
2575.1,5/31/2019 0:00
5510.54,5/31/2019 0:00
1030.44,5/31/2019 0:00
3553.88,5/31/2019 0:00
482.13,5/31/2019 0:00
2702.04,5/31/2019 0:00
1895.94,5/31/2019 0:00
3722.32,5/31/2019 0:00
